customer_id,churn_30d
C000001,0
C000002,0
C000003,0
C000004,0
C000005,0
C000006,0
C000007,0
C000008,0
C000009,0
C000010,0
C000011,0
C000012,0
C000013,0
C000014,0
C000015,0
C000016,1
C000017,0
C000018,0
C000019,0
C000020,0
C000021,0
C000022,0
C000023,0
C000024,0
C000025,0
C000026,0
C000027,0
C000028,0
C000029,0
C000030,0
C000031,1
C000032,0
C000033,0
C000034,1
C000035,0
C000036,0
C000037,0
C000038,0
C000039,0
C000040,0
C000041,0
C000042,0
C000043,0
C000044,0
C000045,0
C000046,0
C000047,0
C000048,0
C000049,0
C000050,0
C000051,0
C000052,0
C000053,0
C000054,1
C000055,0
C000056,0
C000057,0
C000058,1
C000059,0
C000060,0
C000061,0
C000062,0
C000063,1
C000064,0
C000065,0
C000066,0
C000067,1
C000068,0
C000069,0
C000070,0
C000071,0
C000072,1
C000073,0
C000074,0
C000075,0
C000076,0
C000077,0
C000078,0
C000079,0
C000080,0
C000081,0
C000082,0
C000083,0
C000084,0
C000085,0
C000086,0
C000087,0
C000088,0
C000089,0
C000090,0
C000091,0
C000092,0
C000093,0
C000094,0
C000095,0
C000096,0
C000097,1
C000098,0
C000099,0
C000100,0
C000101,0
C000102,1
C000103,0
C000104,0
C000105,0
C000106,0
C000107,0
C000108,1
C000109,0
C000110,0
C000111,0
C000112,0
C000113,0
C000114,0
C000115,0
C000116,0
C000117,0
C000118,0
C000119,0
C000120,0
C000121,0
C000122,0
C000123,0
C000124,0
C000125,0
C000126,1
C000127,0
C000128,1
C000129,0
C000130,0
C000131,0
C000132,0
C000133,0
C000134,0
C000135,0
C000136,0
C000137,1
C000138,0
C000139,0
C000140,0
C000141,1
C000142,0
C000143,0
C000144,0
C000145,0
C000146,0
C000147,0
C000148,0
C000149,1
C000150,0
C000151,0
C000152,1
C000153,0
C000154,0
C000155,0
C000156,0
C000157,0
C000158,0
C000159,0
C000160,0
C000161,0
C000162,0
C000163,0
C000164,0
C000165,0
C000166,0
C000167,0
C000168,1
C000169,0
C000170,0
C000171,1
C000172,1
C000173,0
C000174,0
C000175,0
C000176,0
C000177,1
C000178,0
C000179,1
C000180,1
C000181,0
C000182,1
C000183,0
C000184,0
C000185,0
C000186,0
C000187,0
C000188,0
C000189,1
C000190,0
C000191,0
C000192,0
C000193,0
C000194,0
C000195,0
C000196,0
C000197,0
C000198,0
C000199,0
C000200,0
C000201,0
C000202,0
C000203,0
C000204,1
C000205,0
C000206,0
C000207,0
C000208,0
C000209,0
C000210,0
C000211,1
C000212,0
C000213,0
C000214,0
C000215,0
C000216,0
C000217,0
C000218,0
C000219,0
C000220,1
C000221,0
C000222,0
C000223,0
C000224,0
C000225,0
C000226,1
C000227,1
C000228,0
C000229,1
C000230,0
C000231,0
C000232,1
C000233,0
C000234,1
C000235,0
C000236,0
C000237,0
C000238,0
C000239,0
C000240,0
C000241,0
C000242,1
C000243,0
C000244,0
C000245,0
C000246,0
C000247,0
C000248,0
C000249,1
C000250,0
C000251,0
C000252,0
C000253,0
C000254,0
C000255,0
C000256,1
C000257,0
C000258,0
C000259,0
C000260,0
C000261,0
C000262,1
C000263,0
C000264,0
C000265,0
C000266,0
C000267,0
C000268,1
C000269,1
C000270,0
C000271,0
C000272,0
C000273,0
C000274,0
C000275,0
C000276,0
C000277,0
C000278,0
C000279,0
C000280,0
C000281,0
C000282,0
C000283,0
C000284,0
C000285,0
C000286,1
C000287,0
C000288,0
C000289,0
C000290,0
C000291,0
C000292,0
C000293,1
C000294,0
C000295,0
C000296,0
C000297,0
C000298,0
C000299,1
C000300,0
C000301,0
C000302,0
C000303,0
C000304,0
C000305,0
C000306,0
C000307,0
C000308,1
C000309,0
C000310,0
C000311,0
C000312,0
C000313,0
C000314,0
C000315,0
C000316,0
C000317,0
C000318,0
C000319,0
C000320,0
C000321,0
C000322,0
C000323,0
C000324,0
C000325,0
C000326,0
C000327,0
C000328,0
C000329,0
C000330,0
C000331,0
C000332,0
C000333,0
C000334,0
C000335,1
C000336,0
C000337,0
C000338,0
C000339,0
C000340,1
C000341,0
C000342,0
C000343,0
C000344,0
C000345,0
C000346,0
C000347,0
C000348,0
C000349,0
C000350,0
C000351,0
C000352,0
C000353,0
C000354,1
C000355,0
C000356,0
C000357,0
C000358,0
C000359,0
C000360,0
C000361,0
C000362,0
C000363,0
C000364,0
C000365,0
C000366,0
C000367,0
C000368,0
C000369,0
C000370,1
C000371,0
C000372,0
C000373,0
C000374,1
C000375,0
C000376,0
C000377,0
C000378,0
C000379,0
C000380,0
C000381,0
C000382,0
C000383,0
C000384,0
C000385,0
C000386,0
C000387,0
C000388,0
C000389,0
C000390,0
C000391,0
C000392,0
C000393,0
C000394,0
C000395,0
C000396,0
C000397,0
C000398,0
C000399,0
C000400,0
C000401,0
C000402,0
C000403,0
C000404,0
C000405,0
C000406,1
C000407,0
C000408,0
C000409,0
C000410,0
C000411,0
C000412,0
C000413,0
C000414,0
C000415,0
C000416,0
C000417,0
C000418,0
C000419,0
C000420,0
C000421,0
C000422,0
C000423,1
C000424,0
C000425,0
C000426,0
C000427,0
C000428,0
C000429,0
C000430,0
C000431,0
C000432,1
C000433,0
C000434,0
C000435,0
C000436,0
C000437,0
C000438,0
C000439,0
C000440,0
C000441,0
C000442,0
C000443,1
C000444,0
C000445,0
C000446,0
C000447,1
C000448,0
C000449,0
C000450,0
C000451,1
C000452,1
C000453,0
C000454,0
C000455,0
C000456,0
C000457,0
C000458,0
C000459,0
C000460,1
C000461,0
C000462,0
C000463,0
C000464,0
C000465,0
C000466,1
C000467,0
C000468,0
C000469,0
C000470,0
C000471,0
C000472,0
C000473,0
C000474,0
C000475,0
C000476,0
C000477,0
C000478,0
C000479,0
C000480,0
C000481,1
C000482,0
C000483,1
C000484,0
C000485,0
C000486,0
C000487,0
C000488,0
C000489,0
C000490,0
C000491,0
C000492,0
C000493,0
C000494,0
C000495,0
C000496,0
C000497,0
C000498,0
C000499,0
C000500,0
C000501,0
C000502,0
C000503,0
C000504,0
C000505,0
C000506,0
C000507,0
C000508,0
C000509,1
C000510,0
C000511,0
C000512,0
C000513,0
C000514,0
C000515,0
C000516,0
C000517,0
C000518,1
C000519,0
C000520,0
C000521,1
C000522,0
C000523,0
C000524,0
C000525,0
C000526,0
C000527,0
C000528,0
C000529,0
C000530,0
C000531,0
C000532,0
C000533,0
C000534,1
C000535,0
C000536,0
C000537,0
C000538,0
C000539,0
C000540,0
C000541,0
C000542,1
C000543,0
C000544,0
C000545,0
C000546,0
C000547,0
C000548,0
C000549,0
C000550,0
C000551,0
C000552,1
C000553,0
C000554,0
C000555,0
C000556,0
C000557,0
C000558,0
C000559,1
C000560,0
C000561,0
C000562,0
C000563,0
C000564,0
C000565,0
C000566,1
C000567,1
C000568,0
C000569,0
C000570,1
C000571,0
C000572,0
C000573,0
C000574,0
C000575,0
C000576,0
C000577,0
C000578,1
C000579,1
C000580,0
C000581,1
C000582,0
C000583,1
C000584,0
C000585,1
C000586,0
C000587,0
C000588,0
C000589,0
C000590,0
C000591,1
C000592,0
C000593,1
C000594,0
C000595,0
C000596,0
C000597,0
C000598,0
C000599,0
C000600,0
C000601,0
C000602,0
C000603,0
C000604,0
C000605,0
C000606,0
C000607,0
C000608,0
C000609,0
C000610,0
C000611,0
C000612,0
C000613,0
C000614,1
C000615,1
C000616,0
C000617,0
C000618,0
C000619,1
C000620,1
C000621,0
C000622,0
C000623,0
C000624,0
C000625,0
C000626,0
C000627,0
C000628,0
C000629,0
C000630,0
C000631,0
C000632,0
C000633,0
C000634,0
C000635,1
C000636,0
C000637,0
C000638,0
C000639,0
C000640,0
C000641,0
C000642,0
C000643,0
C000644,0
C000645,0
C000646,0
C000647,0
C000648,0
C000649,0
C000650,0
C000651,0
C000652,0
C000653,0
C000654,0
C000655,0
C000656,0
C000657,0
C000658,0
C000659,0
C000660,0
C000661,0
C000662,0
C000663,0
C000664,0
C000665,0
C000666,1
C000667,0
C000668,0
C000669,0
C000670,0
C000671,0
C000672,0
C000673,0
C000674,0
C000675,0
C000676,1
C000677,0
C000678,0
C000679,0
C000680,0
C000681,0
C000682,0
C000683,0
C000684,0
C000685,0
C000686,1
C000687,0
C000688,1
C000689,0
C000690,0
C000691,0
C000692,0
C000693,0
C000694,0
C000695,0
C000696,0
C000697,0
C000698,0
C000699,0
C000700,0
C000701,0
C000702,0
C000703,1
C000704,1
C000705,0
C000706,0
C000707,0
C000708,0
C000709,0
C000710,0
C000711,0
C000712,0
C000713,0
C000714,0
C000715,0
C000716,0
C000717,0
C000718,0
C000719,0
C000720,0
C000721,1
C000722,0
C000723,1
C000724,0
C000725,0
C000726,0
C000727,1
C000728,0
C000729,0
C000730,0
C000731,0
C000732,0
C000733,0
C000734,1
C000735,1
C000736,0
C000737,1
C000738,0
C000739,0
C000740,0
C000741,0
C000742,0
C000743,0
C000744,0
C000745,0
C000746,1
C000747,0
C000748,0
C000749,0
C000750,0
C000751,0
C000752,0
C000753,0
C000754,0
C000755,0
C000756,0
C000757,0
C000758,1
C000759,0
C000760,1
C000761,0
C000762,0
C000763,0
C000764,0
C000765,0
C000766,0
C000767,0
C000768,0
C000769,0
C000770,0
C000771,0
C000772,0
C000773,1
C000774,0
C000775,0
C000776,0
C000777,0
C000778,0
C000779,0
C000780,0
C000781,0
C000782,0
C000783,0
C000784,0
C000785,1
C000786,0
C000787,0
C000788,0
C000789,0
C000790,0
C000791,0
C000792,0
C000793,0
C000794,0
C000795,0
C000796,0
C000797,0
C000798,0
C000799,0
C000800,0
C000801,0
C000802,0
C000803,0
C000804,0
C000805,0
C000806,0
C000807,0
C000808,1
C000809,0
C000810,1
C000811,0
C000812,0
C000813,0
C000814,0
C000815,0
C000816,0
C000817,0
C000818,1
C000819,0
C000820,0
C000821,0
C000822,0
C000823,0
C000824,0
C000825,0
C000826,0
C000827,0
C000828,0
C000829,0
C000830,0
C000831,1
C000832,0
C000833,0
C000834,0
C000835,0
C000836,0
C000837,0
C000838,0
C000839,0
C000840,1
C000841,0
C000842,1
C000843,0
C000844,0
C000845,0
C000846,0
C000847,0
C000848,0
C000849,0
C000850,1
C000851,0
C000852,0
C000853,0
C000854,1
C000855,0
C000856,0
C000857,0
C000858,0
C000859,0
C000860,0
C000861,0
C000862,0
C000863,0
C000864,0
C000865,0
C000866,0
C000867,0
C000868,0
C000869,0
C000870,0
C000871,0
C000872,0
C000873,1
C000874,1
C000875,0
C000876,0
C000877,0
C000878,0
C000879,0
C000880,0
C000881,0
C000882,0
C000883,0
C000884,0
C000885,0
C000886,1
C000887,0
C000888,0
C000889,0
C000890,0
C000891,0
C000892,0
C000893,0
C000894,0
C000895,0
C000896,0
C000897,0
C000898,0
C000899,0
C000900,0
C000901,0
C000902,0
C000903,0
C000904,0
C000905,0
C000906,1
C000907,0
C000908,0
C000909,0
C000910,0
C000911,0
C000912,1
C000913,0
C000914,0
C000915,0
C000916,0
C000917,0
C000918,0
C000919,0
C000920,0
C000921,0
C000922,1
C000923,0
C000924,0
C000925,0
C000926,0
C000927,0
C000928,0
C000929,0
C000930,0
C000931,0
C000932,0
C000933,0
C000934,0
C000935,0
C000936,0
C000937,0
C000938,0
C000939,0
C000940,0
C000941,0
C000942,0
C000943,0
C000944,0
C000945,0
C000946,0
C000947,0
C000948,0
C000949,0
C000950,0
C000951,0
C000952,0
C000953,0
C000954,0
C000955,0
C000956,0
C000957,0
C000958,0
C000959,0
C000960,0
C000961,0
C000962,0
C000963,0
C000964,0
C000965,0
C000966,0
C000967,0
C000968,0
C000969,0
C000970,0
C000971,0
C000972,0
C000973,0
C000974,0
C000975,0
C000976,0
C000977,0
C000978,1
C000979,1
C000980,0
C000981,0
C000982,0
C000983,1
C000984,0
C000985,0
C000986,0
C000987,0
C000988,0
C000989,0
C000990,1
C000991,0
C000992,1
C000993,0
C000994,0
C000995,0
C000996,0
C000997,0
C000998,1
C000999,0
C001000,0
C001001,1
C001002,0
C001003,0
C001004,0
C001005,0
C001006,0
C001007,0
C001008,0
C001009,0
C001010,0
C001011,0
C001012,0
C001013,1
C001014,0
C001015,1
C001016,0
C001017,0
C001018,0
C001019,0
C001020,0
C001021,0
C001022,0
C001023,0
C001024,0
C001025,0
C001026,0
C001027,0
C001028,0
C001029,0
C001030,0
C001031,0
C001032,0
C001033,0
C001034,0
C001035,0
C001036,0
C001037,1
C001038,0
C001039,0
C001040,1
C001041,0
C001042,0
C001043,0
C001044,0
C001045,1
C001046,0
C001047,0
C001048,1
C001049,0
C001050,0
C001051,0
C001052,0
C001053,0
C001054,0
C001055,0
C001056,0
C001057,0
C001058,0
C001059,0
C001060,0
C001061,1
C001062,0
C001063,0
C001064,0
C001065,1
C001066,1
C001067,0
C001068,0
C001069,0
C001070,0
C001071,0
C001072,0
C001073,1
C001074,0
C001075,0
C001076,1
C001077,0
C001078,0
C001079,0
C001080,0
C001081,1
C001082,0
C001083,0
C001084,0
C001085,0
C001086,0
C001087,0
C001088,0
C001089,0
C001090,0
C001091,0
C001092,0
C001093,0
C001094,0
C001095,1
C001096,0
C001097,1
C001098,0
C001099,0
C001100,1
C001101,0
C001102,0
C001103,0
C001104,0
C001105,1
C001106,0
C001107,0
C001108,0
C001109,0
C001110,0
C001111,0
C001112,0
C001113,0
C001114,0
C001115,1
C001116,0
C001117,1
C001118,0
C001119,0
C001120,0
C001121,1
C001122,1
C001123,0
C001124,0
C001125,0
C001126,1
C001127,0
C001128,0
C001129,0
C001130,1
C001131,0
C001132,0
C001133,0
C001134,0
C001135,0
C001136,0
C001137,0
C001138,0
C001139,0
C001140,0
C001141,0
C001142,0
C001143,1
C001144,0
C001145,0
C001146,0
C001147,0
C001148,0
C001149,0
C001150,0
C001151,0
C001152,1
C001153,0
C001154,0
C001155,0
C001156,0
C001157,0
C001158,1
C001159,0
C001160,0
C001161,1
C001162,0
C001163,0
C001164,0
C001165,0
C001166,0
C001167,0
C001168,0
C001169,0
C001170,0
C001171,1
C001172,0
C001173,0
C001174,0
C001175,0
C001176,0
C001177,0
C001178,0
C001179,0
C001180,0
C001181,0
C001182,0
C001183,1
C001184,0
C001185,1
C001186,0
C001187,1
C001188,0
C001189,0
C001190,0
C001191,0
C001192,0
C001193,0
C001194,0
C001195,0
C001196,0
C001197,0
C001198,0
C001199,0
C001200,0
C001201,0
C001202,0
C001203,1
C001204,0
C001205,0
C001206,1
C001207,0
C001208,0
C001209,1
C001210,0
C001211,0
C001212,0
C001213,0
C001214,0
C001215,0
C001216,0
C001217,1
C001218,0
C001219,0
C001220,0
C001221,0
C001222,0
C001223,1
C001224,0
C001225,0
C001226,0
C001227,0
C001228,0
C001229,0
C001230,0
C001231,1
C001232,0
C001233,1
C001234,1
C001235,0
C001236,1
C001237,0
C001238,0
C001239,0
C001240,0
C001241,0
C001242,0
C001243,1
C001244,0
C001245,0
C001246,0
C001247,0
C001248,1
C001249,0
C001250,1
C001251,0
C001252,0
C001253,0
C001254,0
C001255,0
C001256,1
C001257,0
C001258,0
C001259,0
C001260,0
C001261,1
C001262,0
C001263,0
C001264,0
C001265,0
C001266,0
C001267,0
C001268,0
C001269,1
C001270,0
C001271,0
C001272,0
C001273,0
C001274,0
C001275,1
C001276,0
C001277,0
C001278,0
C001279,0
C001280,0
C001281,0
C001282,1
C001283,0
C001284,0
C001285,1
C001286,0
C001287,1
C001288,0
C001289,0
C001290,0
C001291,0
C001292,0
C001293,0
C001294,0
C001295,0
C001296,0
C001297,0
C001298,0
C001299,0
C001300,0
C001301,0
C001302,0
C001303,0
C001304,0
C001305,1
C001306,0
C001307,0
C001308,0
C001309,0
C001310,0
C001311,0
C001312,0
C001313,0
C001314,0
C001315,0
C001316,1
C001317,0
C001318,0
C001319,1
C001320,0
C001321,0
C001322,0
C001323,0
C001324,0
C001325,1
C001326,0
C001327,0
C001328,0
C001329,0
C001330,0
C001331,0
C001332,0
C001333,0
C001334,0
C001335,1
C001336,0
C001337,0
C001338,0
C001339,0
C001340,0
C001341,0
C001342,0
C001343,0
C001344,0
C001345,0
C001346,0
C001347,0
C001348,0
C001349,0
C001350,0
C001351,1
C001352,0
C001353,0
C001354,0
C001355,0
C001356,0
C001357,0
C001358,0
C001359,1
C001360,1
C001361,1
C001362,1
C001363,0
C001364,0
C001365,0
C001366,0
C001367,0
C001368,0
C001369,0
C001370,0
C001371,0
C001372,1
C001373,0
C001374,0
C001375,0
C001376,0
C001377,0
C001378,0
C001379,0
C001380,1
C001381,0
C001382,0
C001383,0
C001384,0
C001385,0
C001386,0
C001387,0
C001388,0
C001389,0
C001390,0
C001391,0
C001392,0
C001393,0
C001394,0
C001395,1
C001396,0
C001397,0
C001398,1
C001399,0
C001400,1
C001401,1
C001402,0
C001403,0
C001404,0
C001405,0
C001406,1
C001407,0
C001408,0
C001409,0
C001410,0
C001411,0
C001412,0
C001413,0
C001414,0
C001415,0
C001416,0
C001417,0
C001418,0
C001419,1
C001420,1
C001421,0
C001422,0
C001423,0
C001424,1
C001425,0
C001426,1
C001427,0
C001428,0
C001429,0
C001430,0
C001431,1
C001432,0
C001433,0
C001434,0
C001435,0
C001436,0
C001437,0
C001438,0
C001439,0
C001440,0
C001441,0
C001442,1
C001443,0
C001444,0
C001445,0
C001446,0
C001447,0
C001448,0
C001449,1
C001450,0
C001451,0
C001452,0
C001453,1
C001454,0
C001455,0
C001456,0
C001457,0
C001458,1
C001459,1
C001460,1
C001461,0
C001462,1
C001463,0
C001464,0
C001465,0
C001466,0
C001467,0
C001468,0
C001469,0
C001470,0
C001471,0
C001472,0
C001473,0
C001474,0
C001475,0
C001476,0
C001477,1
C001478,0
C001479,0
C001480,0
C001481,0
C001482,0
C001483,0
C001484,0
C001485,0
C001486,0
C001487,1
C001488,1
C001489,0
C001490,0
C001491,0
C001492,0
C001493,0
C001494,1
C001495,1
C001496,1
C001497,0
C001498,0
C001499,0
C001500,0
C001501,0
C001502,0
C001503,0
C001504,0
C001505,0
C001506,0
C001507,0
C001508,0
C001509,0
C001510,0
C001511,0
C001512,1
C001513,0
C001514,0
C001515,0
C001516,0
C001517,0
C001518,0
C001519,0
C001520,1
C001521,0
C001522,0
C001523,0
C001524,0
C001525,1
C001526,1
C001527,0
C001528,0
C001529,1
C001530,0
C001531,0
C001532,1
C001533,0
C001534,0
C001535,0
C001536,1
C001537,0
C001538,1
C001539,0
C001540,0
C001541,0
C001542,0
C001543,0
C001544,1
C001545,0
C001546,1
C001547,0
C001548,1
C001549,0
C001550,1
C001551,0
C001552,0
C001553,0
C001554,0
C001555,0
C001556,0
C001557,0
C001558,1
C001559,0
C001560,0
C001561,0
C001562,0
C001563,0
C001564,0
C001565,0
C001566,0
C001567,1
C001568,1
C001569,0
C001570,1
C001571,0
C001572,0
C001573,0
C001574,0
C001575,0
C001576,1
C001577,0
C001578,0
C001579,0
C001580,1
C001581,0
C001582,0
C001583,0
C001584,0
C001585,0
C001586,0
C001587,1
C001588,0
C001589,1
C001590,0
C001591,0
C001592,0
C001593,1
C001594,0
C001595,0
C001596,0
C001597,0
C001598,0
C001599,0
C001600,0
C001601,1
C001602,1
C001603,0
C001604,0
C001605,0
C001606,0
C001607,0
C001608,0
C001609,0
C001610,0
C001611,0
C001612,0
C001613,0
C001614,0
C001615,0
C001616,0
C001617,0
C001618,0
C001619,0
C001620,0
C001621,1
C001622,0
C001623,0
C001624,0
C001625,0
C001626,0
C001627,0
C001628,0
C001629,0
C001630,0
C001631,0
C001632,0
C001633,0
C001634,0
C001635,0
C001636,0
C001637,0
C001638,1
C001639,0
C001640,0
C001641,0
C001642,0
C001643,0
C001644,0
C001645,1
C001646,0
C001647,0
C001648,0
C001649,0
C001650,0
C001651,0
C001652,0
C001653,0
C001654,0
C001655,0
C001656,0
C001657,0
C001658,0
C001659,0
C001660,0
C001661,0
C001662,0
C001663,0
C001664,0
C001665,0
C001666,0
C001667,1
C001668,0
C001669,0
C001670,0
C001671,0
C001672,0
C001673,0
C001674,0
C001675,0
C001676,0
C001677,0
C001678,1
C001679,0
C001680,0
C001681,0
C001682,0
C001683,0
C001684,1
C001685,0
C001686,0
C001687,0
C001688,1
C001689,0
C001690,0
C001691,1
C001692,0
C001693,0
C001694,0
C001695,0
C001696,0
C001697,0
C001698,0
C001699,0
C001700,0
C001701,0
C001702,0
C001703,0
C001704,0
C001705,0
C001706,0
C001707,0
C001708,0
C001709,0
C001710,0
C001711,0
C001712,0
C001713,0
C001714,0
C001715,0
C001716,1
C001717,0
C001718,0
C001719,0
C001720,0
C001721,1
C001722,1
C001723,0
C001724,0
C001725,0
C001726,0
C001727,0
C001728,0
C001729,0
C001730,0
C001731,0
C001732,1
C001733,0
C001734,0
C001735,0
C001736,0
C001737,0
C001738,0
C001739,0
C001740,0
C001741,0
C001742,0
C001743,0
C001744,0
C001745,0
C001746,0
C001747,0
C001748,0
C001749,0
C001750,0
C001751,0
C001752,0
C001753,0
C001754,0
C001755,0
C001756,0
C001757,0
C001758,1
C001759,0
C001760,0
C001761,0
C001762,0
C001763,0
C001764,1
C001765,0
C001766,0
C001767,0
C001768,0
C001769,0
C001770,0
C001771,1
C001772,0
C001773,0
C001774,0
C001775,0
C001776,0
C001777,1
C001778,0
C001779,1
C001780,0
C001781,0
C001782,1
C001783,0
C001784,0
C001785,0
C001786,0
C001787,0
C001788,0
C001789,0
C001790,0
C001791,0
C001792,0
C001793,0
C001794,0
C001795,0
C001796,0
C001797,0
C001798,0
C001799,0
C001800,0
C001801,0
C001802,0
C001803,0
C001804,0
C001805,0
C001806,0
C001807,0
C001808,1
C001809,0
C001810,0
C001811,1
C001812,0
C001813,0
C001814,0
C001815,0
C001816,0
C001817,0
C001818,1
C001819,0
C001820,0
C001821,0
C001822,0
C001823,0
C001824,0
C001825,0
C001826,0
C001827,0
C001828,1
C001829,0
C001830,0
C001831,0
C001832,0
C001833,0
C001834,0
C001835,0
C001836,0
C001837,0
C001838,0
C001839,0
C001840,0
C001841,0
C001842,0
C001843,0
C001844,0
C001845,0
C001846,0
C001847,0
C001848,0
C001849,0
C001850,0
C001851,0
C001852,0
C001853,0
C001854,0
C001855,0
C001856,0
C001857,0
C001858,1
C001859,1
C001860,0
C001861,0
C001862,0
C001863,0
C001864,1
C001865,0
C001866,0
C001867,0
C001868,0
C001869,0
C001870,0
C001871,0
C001872,0
C001873,0
C001874,0
C001875,0
C001876,0
C001877,0
C001878,0
C001879,0
C001880,0
C001881,0
C001882,0
C001883,0
C001884,0
C001885,0
C001886,0
C001887,0
C001888,0
C001889,0
C001890,0
C001891,0
C001892,0
C001893,0
C001894,0
C001895,0
C001896,0
C001897,1
C001898,0
C001899,0
C001900,0
C001901,0
C001902,0
C001903,0
C001904,0
C001905,0
C001906,0
C001907,0
C001908,0
C001909,0
C001910,0
C001911,0
C001912,1
C001913,0
C001914,0
C001915,0
C001916,0
C001917,0
C001918,0
C001919,0
C001920,0
C001921,0
C001922,0
C001923,1
C001924,0
C001925,0
C001926,1
C001927,0
C001928,0
C001929,0
C001930,0
C001931,0
C001932,0
C001933,0
C001934,0
C001935,0
C001936,0
C001937,0
C001938,0
C001939,0
C001940,0
C001941,0
C001942,0
C001943,0
C001944,0
C001945,1
C001946,0
C001947,0
C001948,0
C001949,0
C001950,1
C001951,0
C001952,0
C001953,0
C001954,0
C001955,0
C001956,0
C001957,0
C001958,1
C001959,0
C001960,0
C001961,0
C001962,0
C001963,0
C001964,1
C001965,0
C001966,0
C001967,0
C001968,0
C001969,0
C001970,0
C001971,1
C001972,0
C001973,0
C001974,0
C001975,0
C001976,0
C001977,0
C001978,0
C001979,0
C001980,0
C001981,0
C001982,0
C001983,0
C001984,0
C001985,0
C001986,0
C001987,0
C001988,0
C001989,1
C001990,0
C001991,1
C001992,0
C001993,0
C001994,0
C001995,0
C001996,0
C001997,0
C001998,0
C001999,1
C002000,0
C002001,1
C002002,0
C002003,0
C002004,0
C002005,0
C002006,0
C002007,0
C002008,0
C002009,0
C002010,0
C002011,0
C002012,0
C002013,0
C002014,0
C002015,0
C002016,0
C002017,0
C002018,0
C002019,1
C002020,0
C002021,1
C002022,0
C002023,0
C002024,0
C002025,0
C002026,0
C002027,0
C002028,0
C002029,0
C002030,0
C002031,0
C002032,0
C002033,0
C002034,0
C002035,0
C002036,0
C002037,0
C002038,1
C002039,0
C002040,0
C002041,0
C002042,0
C002043,0
C002044,0
C002045,0
C002046,1
C002047,1
C002048,0
C002049,0
C002050,0
C002051,0
C002052,0
C002053,0
C002054,0
C002055,0
C002056,1
C002057,0
C002058,0
C002059,0
C002060,0
C002061,0
C002062,0
C002063,0
C002064,0
C002065,1
C002066,0
C002067,0
C002068,0
C002069,1
C002070,0
C002071,0
C002072,0
C002073,0
C002074,1
C002075,0
C002076,0
C002077,0
C002078,0
C002079,0
C002080,0
C002081,0
C002082,0
C002083,0
C002084,0
C002085,0
C002086,0
C002087,0
C002088,0
C002089,0
C002090,0
C002091,0
C002092,0
C002093,0
C002094,0
C002095,0
C002096,0
C002097,0
C002098,0
C002099,0
C002100,0
C002101,0
C002102,0
C002103,0
C002104,0
C002105,0
C002106,1
C002107,0
C002108,0
C002109,0
C002110,0
C002111,0
C002112,0
C002113,0
C002114,0
C002115,1
C002116,0
C002117,1
C002118,0
C002119,0
C002120,0
C002121,0
C002122,0
C002123,0
C002124,0
C002125,1
C002126,0
C002127,0
C002128,1
C002129,0
C002130,0
C002131,0
C002132,0
C002133,0
C002134,0
C002135,1
C002136,0
C002137,0
C002138,0
C002139,0
C002140,0
C002141,0
C002142,1
C002143,1
C002144,0
C002145,1
C002146,0
C002147,0
C002148,0
C002149,0
C002150,0
C002151,0
C002152,0
C002153,0
C002154,0
C002155,0
C002156,0
C002157,0
C002158,0
C002159,1
C002160,1
C002161,0
C002162,0
C002163,0
C002164,0
C002165,0
C002166,0
C002167,0
C002168,0
C002169,0
C002170,0
C002171,0
C002172,0
C002173,0
C002174,0
C002175,0
C002176,0
C002177,0
C002178,0
C002179,0
C002180,0
C002181,0
C002182,0
C002183,0
C002184,0
C002185,0
C002186,0
C002187,0
C002188,0
C002189,0
C002190,0
C002191,1
C002192,0
C002193,0
C002194,0
C002195,0
C002196,0
C002197,0
C002198,0
C002199,0
C002200,0
C002201,0
C002202,0
C002203,0
C002204,0
C002205,0
C002206,1
C002207,0
C002208,0
C002209,0
C002210,0
C002211,0
C002212,0
C002213,0
C002214,0
C002215,0
C002216,0
C002217,0
C002218,1
C002219,0
C002220,0
C002221,0
C002222,0
C002223,0
C002224,0
C002225,0
C002226,0
C002227,0
C002228,0
C002229,0
C002230,0
C002231,0
C002232,0
C002233,0
C002234,1
C002235,0
C002236,0
C002237,0
C002238,0
C002239,1
C002240,1
C002241,1
C002242,1
C002243,0
C002244,0
C002245,0
C002246,0
C002247,0
C002248,0
C002249,1
C002250,0
C002251,0
C002252,0
C002253,0
C002254,0
C002255,0
C002256,0
C002257,0
C002258,0
C002259,1
C002260,1
C002261,0
C002262,0
C002263,0
C002264,0
C002265,1
C002266,0
C002267,0
C002268,0
C002269,0
C002270,0
C002271,0
C002272,0
C002273,0
C002274,1
C002275,1
C002276,0
C002277,0
C002278,0
C002279,0
C002280,1
C002281,0
C002282,0
C002283,0
C002284,1
C002285,0
C002286,0
C002287,0
C002288,0
C002289,1
C002290,0
C002291,0
C002292,0
C002293,0
C002294,0
C002295,0
C002296,0
C002297,0
C002298,0
C002299,0
C002300,0
C002301,1
C002302,0
C002303,0
C002304,0
C002305,0
C002306,0
C002307,0
C002308,0
C002309,0
C002310,0
C002311,0
C002312,0
C002313,0
C002314,0
C002315,0
C002316,0
C002317,1
C002318,0
C002319,0
C002320,0
C002321,0
C002322,1
C002323,0
C002324,0
C002325,0
C002326,1
C002327,0
C002328,0
C002329,1
C002330,0
C002331,0
C002332,0
C002333,0
C002334,0
C002335,0
C002336,0
C002337,0
C002338,0
C002339,0
C002340,1
C002341,0
C002342,0
C002343,0
C002344,0
C002345,0
C002346,0
C002347,0
C002348,1
C002349,1
C002350,1
C002351,0
C002352,1
C002353,0
C002354,1
C002355,0
C002356,0
C002357,0
C002358,0
C002359,0
C002360,0
C002361,0
C002362,0
C002363,0
C002364,0
C002365,0
C002366,0
C002367,0
C002368,0
C002369,1
C002370,0
C002371,1
C002372,0
C002373,0
C002374,0
C002375,0
C002376,0
C002377,0
C002378,0
C002379,0
C002380,1
C002381,0
C002382,0
C002383,0
C002384,0
C002385,0
C002386,0
C002387,0
C002388,0
C002389,0
C002390,0
C002391,0
C002392,0
C002393,0
C002394,1
C002395,0
C002396,0
C002397,1
C002398,0
C002399,0
C002400,0
C002401,0
C002402,0
C002403,0
C002404,0
C002405,0
C002406,0
C002407,0
C002408,0
C002409,0
C002410,0
C002411,0
C002412,0
C002413,0
C002414,0
C002415,0
C002416,0
C002417,0
C002418,0
C002419,0
C002420,0
C002421,0
C002422,0
C002423,0
C002424,0
C002425,0
C002426,0
C002427,0
C002428,1
C002429,0
C002430,1
C002431,0
C002432,0
C002433,0
C002434,0
C002435,0
C002436,1
C002437,0
C002438,0
C002439,0
C002440,0
C002441,0
C002442,0
C002443,0
C002444,0
C002445,1
C002446,0
C002447,0
C002448,0
C002449,0
C002450,0
C002451,0
C002452,0
C002453,0
C002454,0
C002455,0
C002456,1
C002457,0
C002458,0
C002459,0
C002460,0
C002461,1
C002462,0
C002463,0
C002464,0
C002465,0
C002466,0
C002467,0
C002468,0
C002469,0
C002470,0
C002471,0
C002472,0
C002473,0
C002474,0
C002475,1
C002476,1
C002477,0
C002478,0
C002479,0
C002480,0
C002481,0
C002482,0
C002483,0
C002484,0
C002485,1
C002486,0
C002487,0
C002488,0
C002489,0
C002490,0
C002491,0
C002492,0
C002493,0
C002494,0
C002495,0
C002496,0
C002497,0
C002498,0
C002499,1
C002500,0
C002501,0
C002502,0
C002503,0
C002504,1
C002505,0
C002506,0
C002507,0
C002508,0
C002509,0
C002510,0
C002511,0
C002512,0
C002513,0
C002514,1
C002515,1
C002516,1
C002517,0
C002518,0
C002519,0
C002520,0
C002521,0
C002522,1
C002523,0
C002524,0
C002525,0
C002526,1
C002527,0
C002528,0
C002529,0
C002530,0
C002531,0
C002532,0
C002533,1
C002534,1
C002535,1
C002536,1
C002537,0
C002538,0
C002539,0
C002540,0
C002541,0
C002542,0
C002543,0
C002544,1
C002545,0
C002546,0
C002547,0
C002548,1
C002549,0
C002550,0
C002551,0
C002552,0
C002553,0
C002554,0
C002555,1
C002556,0
C002557,0
C002558,0
C002559,0
C002560,0
C002561,0
C002562,0
C002563,0
C002564,0
C002565,0
C002566,0
C002567,1
C002568,0
C002569,0
C002570,0
C002571,1
C002572,0
C002573,0
C002574,0
C002575,0
C002576,0
C002577,0
C002578,0
C002579,0
C002580,0
C002581,0
C002582,0
C002583,1
C002584,0
C002585,0
C002586,0
C002587,0
C002588,0
C002589,0
C002590,0
C002591,0
C002592,0
C002593,0
C002594,0
C002595,1
C002596,0
C002597,0
C002598,0
C002599,0
C002600,0
C002601,0
C002602,0
C002603,1
C002604,0
C002605,0
C002606,0
C002607,0
C002608,0
C002609,0
C002610,0
C002611,0
C002612,0
C002613,0
C002614,0
C002615,0
C002616,0
C002617,0
C002618,0
C002619,0
C002620,0
C002621,0
C002622,0
C002623,0
C002624,0
C002625,0
C002626,0
C002627,0
C002628,0
C002629,0
C002630,0
C002631,0
C002632,0
C002633,0
C002634,0
C002635,0
C002636,1
C002637,1
C002638,0
C002639,0
C002640,0
C002641,0
C002642,0
C002643,0
C002644,0
C002645,0
C002646,1
C002647,0
C002648,0
C002649,0
C002650,1
C002651,0
C002652,0
C002653,0
C002654,0
C002655,1
C002656,0
C002657,0
C002658,0
C002659,1
C002660,0
C002661,0
C002662,0
C002663,0
C002664,1
C002665,0
C002666,0
C002667,0
C002668,0
C002669,0
C002670,0
C002671,0
C002672,0
C002673,1
C002674,0
C002675,0
C002676,0
C002677,0
C002678,1
C002679,0
C002680,0
C002681,0
C002682,0
C002683,0
C002684,0
C002685,0
C002686,0
C002687,0
C002688,1
C002689,0
C002690,0
C002691,0
C002692,0
C002693,0
C002694,0
C002695,0
C002696,0
C002697,0
C002698,1
C002699,1
C002700,0
C002701,0
C002702,0
C002703,0
C002704,0
C002705,1
C002706,0
C002707,0
C002708,1
C002709,0
C002710,0
C002711,0
C002712,0
C002713,0
C002714,0
C002715,0
C002716,0
C002717,0
C002718,0
C002719,1
C002720,0
C002721,0
C002722,0
C002723,0
C002724,0
C002725,0
C002726,0
C002727,0
C002728,0
C002729,0
C002730,0
C002731,0
C002732,0
C002733,0
C002734,0
C002735,0
C002736,0
C002737,1
C002738,0
C002739,1
C002740,1
C002741,0
C002742,0
C002743,0
C002744,0
C002745,0
C002746,0
C002747,0
C002748,0
C002749,0
C002750,0
C002751,1
C002752,0
C002753,0
C002754,0
C002755,0
C002756,0
C002757,0
C002758,0
C002759,0
C002760,0
C002761,0
C002762,0
C002763,0
C002764,0
C002765,0
C002766,0
C002767,0
C002768,0
C002769,0
C002770,0
C002771,0
C002772,0
C002773,0
C002774,1
C002775,0
C002776,0
C002777,0
C002778,0
C002779,0
C002780,0
C002781,0
C002782,0
C002783,0
C002784,0
C002785,0
C002786,0
C002787,0
C002788,0
C002789,1
C002790,0
C002791,0
C002792,1
C002793,1
C002794,0
C002795,0
C002796,0
C002797,0
C002798,0
C002799,0
C002800,0
C002801,0
C002802,0
C002803,1
C002804,0
C002805,0
C002806,1
C002807,0
C002808,0
C002809,0
C002810,0
C002811,0
C002812,0
C002813,0
C002814,0
C002815,0
C002816,0
C002817,0
C002818,0
C002819,0
C002820,0
C002821,0
C002822,0
C002823,0
C002824,0
C002825,0
C002826,0
C002827,0
C002828,0
C002829,0
C002830,0
C002831,0
C002832,0
C002833,0
C002834,1
C002835,0
C002836,0
C002837,0
C002838,0
C002839,0
C002840,0
C002841,0
C002842,0
C002843,0
C002844,0
C002845,0
C002846,0
C002847,0
C002848,0
C002849,0
C002850,0
C002851,1
C002852,0
C002853,0
C002854,0
C002855,1
C002856,0
C002857,0
C002858,0
C002859,0
C002860,0
C002861,0
C002862,0
C002863,0
C002864,0
C002865,0
C002866,0
C002867,0
C002868,0
C002869,1
C002870,0
C002871,0
C002872,0
C002873,0
C002874,0
C002875,0
C002876,0
C002877,0
C002878,0
C002879,0
C002880,1
C002881,0
C002882,0
C002883,0
C002884,0
C002885,0
C002886,0
C002887,0
C002888,0
C002889,0
C002890,0
C002891,0
C002892,0
C002893,0
C002894,0
C002895,0
C002896,0
C002897,0
C002898,0
C002899,0
C002900,0
C002901,1
C002902,0
C002903,0
C002904,0
C002905,0
C002906,0
C002907,0
C002908,0
C002909,0
C002910,0
C002911,0
C002912,0
C002913,0
C002914,1
C002915,0
C002916,0
C002917,1
C002918,0
C002919,0
C002920,0
C002921,0
C002922,0
C002923,0
C002924,0
C002925,0
C002926,0
C002927,0
C002928,0
C002929,0
C002930,0
C002931,0
C002932,0
C002933,0
C002934,0
C002935,0
C002936,0
C002937,0
C002938,0
C002939,0
C002940,1
C002941,0
C002942,0
C002943,0
C002944,0
C002945,0
C002946,1
C002947,0
C002948,0
C002949,0
C002950,0
C002951,0
C002952,0
C002953,0
C002954,0
C002955,0
C002956,0
C002957,0
C002958,0
C002959,0
C002960,0
C002961,0
C002962,0
C002963,0
C002964,0
C002965,0
C002966,0
C002967,0
C002968,0
C002969,0
C002970,0
C002971,0
C002972,0
C002973,1
C002974,1
C002975,0
C002976,0
C002977,0
C002978,0
C002979,0
C002980,1
C002981,0
C002982,0
C002983,0
C002984,0
C002985,0
C002986,0
C002987,0
C002988,1
C002989,0
C002990,0
C002991,0
C002992,0
C002993,0
C002994,0
C002995,0
C002996,0
C002997,0
C002998,1
C002999,0
C003000,0
C003001,0
C003002,0
C003003,0
C003004,0
C003005,0
C003006,0
C003007,0
C003008,0
C003009,0
C003010,0
C003011,0
C003012,1
C003013,0
C003014,0
C003015,0
C003016,0
C003017,0
C003018,0
C003019,0
C003020,1
C003021,0
C003022,0
C003023,1
C003024,0
C003025,0
C003026,0
C003027,0
C003028,0
C003029,0
C003030,0
C003031,0
C003032,0
C003033,0
C003034,1
C003035,0
C003036,0
C003037,0
C003038,0
C003039,0
C003040,1
C003041,0
C003042,0
C003043,0
C003044,0
C003045,0
C003046,0
C003047,0
C003048,1
C003049,0
C003050,0
C003051,0
C003052,0
C003053,0
C003054,0
C003055,0
C003056,0
C003057,0
C003058,0
C003059,0
C003060,0
C003061,0
C003062,0
C003063,0
C003064,0
C003065,0
C003066,0
C003067,0
C003068,0
C003069,0
C003070,0
C003071,0
C003072,0
C003073,0
C003074,0
C003075,1
C003076,0
C003077,0
C003078,0
C003079,0
C003080,0
C003081,0
C003082,0
C003083,0
C003084,0
C003085,0
C003086,0
C003087,0
C003088,1
C003089,0
C003090,0
C003091,0
C003092,0
C003093,0
C003094,1
C003095,0
C003096,0
C003097,0
C003098,0
C003099,0
C003100,0
C003101,0
C003102,0
C003103,1
C003104,0
C003105,0
C003106,0
C003107,0
C003108,0
C003109,0
C003110,0
C003111,0
C003112,0
C003113,0
C003114,0
C003115,0
C003116,0
C003117,0
C003118,0
C003119,0
C003120,0
C003121,0
C003122,1
C003123,0
C003124,0
C003125,0
C003126,0
C003127,1
C003128,0
C003129,0
C003130,0
C003131,0
C003132,0
C003133,0
C003134,1
C003135,1
C003136,0
C003137,0
C003138,0
C003139,0
C003140,0
C003141,0
C003142,0
C003143,0
C003144,0
C003145,1
C003146,1
C003147,0
C003148,0
C003149,0
C003150,0
C003151,0
C003152,0
C003153,0
C003154,0
C003155,0
C003156,0
C003157,0
C003158,0
C003159,0
C003160,0
C003161,0
C003162,0
C003163,0
C003164,0
C003165,0
C003166,0
C003167,0
C003168,0
C003169,0
C003170,0
C003171,0
C003172,0
C003173,1
C003174,1
C003175,0
C003176,0
C003177,0
C003178,0
C003179,0
C003180,0
C003181,0
C003182,0
C003183,1
C003184,0
C003185,0
C003186,0
C003187,0
C003188,0
C003189,0
C003190,0
C003191,0
C003192,0
C003193,0
C003194,0
C003195,0
C003196,0
C003197,0
C003198,1
C003199,0
C003200,0
C003201,0
C003202,0
C003203,0
C003204,0
C003205,0
C003206,1
C003207,0
C003208,0
C003209,0
C003210,0
C003211,0
C003212,0
C003213,0
C003214,1
C003215,0
C003216,0
C003217,0
C003218,0
C003219,0
C003220,0
C003221,0
C003222,0
C003223,0
C003224,0
C003225,0
C003226,1
C003227,0
C003228,0
C003229,0
C003230,0
C003231,1
C003232,0
C003233,0
C003234,0
C003235,0
C003236,0
C003237,0
C003238,0
C003239,0
C003240,0
C003241,0
C003242,0
C003243,1
C003244,0
C003245,1
C003246,0
C003247,0
C003248,0
C003249,1
C003250,0
C003251,0
C003252,0
C003253,0
C003254,0
C003255,0
C003256,1
C003257,0
C003258,0
C003259,0
C003260,0
C003261,0
C003262,0
C003263,1
C003264,1
C003265,0
C003266,0
C003267,0
C003268,0
C003269,0
C003270,0
C003271,0
C003272,0
C003273,0
C003274,0
C003275,0
C003276,0
C003277,0
C003278,0
C003279,0
C003280,0
C003281,0
C003282,0
C003283,0
C003284,0
C003285,0
C003286,0
C003287,0
C003288,0
C003289,0
C003290,0
C003291,0
C003292,0
C003293,0
C003294,0
C003295,0
C003296,0
C003297,0
C003298,0
C003299,0
C003300,0
C003301,0
C003302,0
C003303,0
C003304,1
C003305,0
C003306,0
C003307,1
C003308,1
C003309,1
C003310,0
C003311,0
C003312,0
C003313,0
C003314,0
C003315,1
C003316,0
C003317,1
C003318,0
C003319,0
C003320,0
C003321,0
C003322,0
C003323,0
C003324,0
C003325,1
C003326,0
C003327,0
C003328,0
C003329,0
C003330,0
C003331,0
C003332,0
C003333,0
C003334,0
C003335,0
C003336,0
C003337,0
C003338,0
C003339,0
C003340,0
C003341,1
C003342,0
C003343,0
C003344,0
C003345,0
C003346,0
C003347,0
C003348,0
C003349,1
C003350,0
C003351,0
C003352,0
C003353,0
C003354,0
C003355,0
C003356,0
C003357,1
C003358,0
C003359,0
C003360,1
C003361,1
C003362,0
C003363,0
C003364,0
C003365,0
C003366,1
C003367,1
C003368,0
C003369,0
C003370,0
C003371,0
C003372,0
C003373,0
C003374,0
C003375,0
C003376,0
C003377,0
C003378,0
C003379,1
C003380,0
C003381,0
C003382,0
C003383,0
C003384,0
C003385,0
C003386,0
C003387,0
C003388,0
C003389,1
C003390,0
C003391,0
C003392,0
C003393,1
C003394,0
C003395,0
C003396,0
C003397,0
C003398,0
C003399,1
C003400,0
C003401,0
C003402,0
C003403,0
C003404,0
C003405,0
C003406,0
C003407,0
C003408,0
C003409,0
C003410,0
C003411,1
C003412,0
C003413,0
C003414,0
C003415,0
C003416,0
C003417,0
C003418,0
C003419,0
C003420,0
C003421,0
C003422,0
C003423,0
C003424,1
C003425,0
C003426,0
C003427,0
C003428,0
C003429,0
C003430,0
C003431,1
C003432,0
C003433,0
C003434,0
C003435,0
C003436,0
C003437,0
C003438,0
C003439,0
C003440,0
C003441,0
C003442,0
C003443,0
C003444,0
C003445,0
C003446,1
C003447,0
C003448,0
C003449,0
C003450,0
C003451,0
C003452,0
C003453,0
C003454,0
C003455,0
C003456,0
C003457,1
C003458,0
C003459,1
C003460,1
C003461,0
C003462,0
C003463,0
C003464,0
C003465,0
C003466,0
C003467,0
C003468,0
C003469,0
C003470,0
C003471,1
C003472,1
C003473,0
C003474,0
C003475,0
C003476,0
C003477,0
C003478,0
C003479,0
C003480,0
C003481,0
C003482,0
C003483,0
C003484,0
C003485,0
C003486,0
C003487,0
C003488,0
C003489,1
C003490,0
C003491,1
C003492,0
C003493,0
C003494,0
C003495,0
C003496,0
C003497,0
C003498,0
C003499,0
C003500,0
C003501,0
C003502,0
C003503,0
C003504,0
C003505,0
C003506,1
C003507,1
C003508,1
C003509,1
C003510,1
C003511,0
C003512,0
C003513,0
C003514,0
C003515,0
C003516,0
C003517,0
C003518,0
C003519,0
C003520,0
C003521,1
C003522,0
C003523,0
C003524,0
C003525,0
C003526,0
C003527,0
C003528,0
C003529,0
C003530,0
C003531,0
C003532,0
C003533,0
C003534,0
C003535,0
C003536,0
C003537,1
C003538,1
C003539,0
C003540,0
C003541,1
C003542,0
C003543,0
C003544,0
C003545,0
C003546,1
C003547,1
C003548,0
C003549,0
C003550,0
C003551,0
C003552,0
C003553,1
C003554,0
C003555,0
C003556,0
C003557,1
C003558,0
C003559,0
C003560,0
C003561,0
C003562,0
C003563,0
C003564,0
C003565,0
C003566,1
C003567,0
C003568,0
C003569,0
C003570,0
C003571,0
C003572,0
C003573,1
C003574,0
C003575,0
C003576,0
C003577,0
C003578,0
C003579,0
C003580,0
C003581,0
C003582,0
C003583,0
C003584,1
C003585,0
C003586,0
C003587,0
C003588,0
C003589,0
C003590,1
C003591,0
C003592,0
C003593,1
C003594,1
C003595,0
C003596,0
C003597,1
C003598,0
C003599,0
C003600,0
C003601,0
C003602,0
C003603,0
C003604,0
C003605,1
C003606,0
C003607,0
C003608,0
C003609,1
C003610,0
C003611,0
C003612,0
C003613,0
C003614,0
C003615,0
C003616,1
C003617,0
C003618,0
C003619,0
C003620,0
C003621,0
C003622,0
C003623,0
C003624,0
C003625,0
C003626,0
C003627,0
C003628,0
C003629,0
C003630,0
C003631,0
C003632,1
C003633,0
C003634,0
C003635,0
C003636,0
C003637,0
C003638,0
C003639,0
C003640,0
C003641,0
C003642,1
C003643,0
C003644,0
C003645,0
C003646,0
C003647,0
C003648,0
C003649,0
C003650,0
C003651,0
C003652,1
C003653,0
C003654,0
C003655,0
C003656,0
C003657,0
C003658,0
C003659,0
C003660,0
C003661,0
C003662,0
C003663,0
C003664,0
C003665,0
C003666,0
C003667,0
C003668,0
C003669,0
C003670,0
C003671,1
C003672,0
C003673,0
C003674,0
C003675,0
C003676,0
C003677,0
C003678,0
C003679,0
C003680,1
C003681,0
C003682,0
C003683,0
C003684,0
C003685,0
C003686,0
C003687,0
C003688,0
C003689,0
C003690,0
C003691,0
C003692,0
C003693,0
C003694,0
C003695,0
C003696,0
C003697,0
C003698,0
C003699,1
C003700,0
C003701,0
C003702,0
C003703,0
C003704,1
C003705,1
C003706,0
C003707,0
C003708,0
C003709,0
C003710,0
C003711,0
C003712,0
C003713,0
C003714,0
C003715,0
C003716,0
C003717,0
C003718,0
C003719,0
C003720,0
C003721,1
C003722,1
C003723,0
C003724,0
C003725,0
C003726,0
C003727,0
C003728,0
C003729,0
C003730,0
C003731,0
C003732,0
C003733,0
C003734,0
C003735,0
C003736,0
C003737,0
C003738,0
C003739,1
C003740,0
C003741,0
C003742,0
C003743,0
C003744,0
C003745,0
C003746,0
C003747,0
C003748,0
C003749,1
C003750,0
C003751,0
C003752,0
C003753,0
C003754,0
C003755,0
C003756,1
C003757,1
C003758,0
C003759,0
C003760,0
C003761,0
C003762,0
C003763,0
C003764,0
C003765,0
C003766,0
C003767,0
C003768,0
C003769,0
C003770,0
C003771,0
C003772,0
C003773,1
C003774,0
C003775,0
C003776,0
C003777,0
C003778,0
C003779,0
C003780,0
C003781,0
C003782,0
C003783,0
C003784,1
C003785,0
C003786,0
C003787,0
C003788,0
C003789,0
C003790,0
C003791,0
C003792,0
C003793,0
C003794,0
C003795,0
C003796,0
C003797,0
C003798,0
C003799,0
C003800,0
C003801,0
C003802,0
C003803,0
C003804,0
C003805,0
C003806,0
C003807,0
C003808,0
C003809,0
C003810,0
C003811,0
C003812,0
C003813,0
C003814,0
C003815,1
C003816,0
C003817,1
C003818,0
C003819,0
C003820,0
C003821,0
C003822,0
C003823,0
C003824,0
C003825,0
C003826,0
C003827,1
C003828,0
C003829,0
C003830,0
C003831,0
C003832,1
C003833,1
C003834,0
C003835,0
C003836,0
C003837,0
C003838,0
C003839,0
C003840,0
C003841,0
C003842,0
C003843,0
C003844,0
C003845,0
C003846,0
C003847,0
C003848,0
C003849,0
C003850,0
C003851,0
C003852,0
C003853,0
C003854,0
C003855,0
C003856,0
C003857,0
C003858,0
C003859,0
C003860,0
C003861,0
C003862,1
C003863,0
C003864,0
C003865,0
C003866,0
C003867,1
C003868,0
C003869,0
C003870,0
C003871,0
C003872,0
C003873,0
C003874,1
C003875,0
C003876,0
C003877,0
C003878,0
C003879,1
C003880,0
C003881,0
C003882,0
C003883,0
C003884,0
C003885,0
C003886,0
C003887,0
C003888,0
C003889,0
C003890,0
C003891,0
C003892,0
C003893,0
C003894,0
C003895,0
C003896,0
C003897,0
C003898,0
C003899,0
C003900,0
C003901,0
C003902,0
C003903,0
C003904,0
C003905,0
C003906,0
C003907,0
C003908,0
C003909,0
C003910,1
C003911,0
C003912,0
C003913,0
C003914,1
C003915,0
C003916,0
C003917,0
C003918,1
C003919,0
C003920,0
C003921,0
C003922,0
C003923,0
C003924,0
C003925,0
C003926,0
C003927,0
C003928,1
C003929,0
C003930,0
C003931,0
C003932,0
C003933,0
C003934,0
C003935,1
C003936,1
C003937,0
C003938,0
C003939,0
C003940,0
C003941,0
C003942,0
C003943,0
C003944,0
C003945,1
C003946,0
C003947,0
C003948,0
C003949,0
C003950,0
C003951,0
C003952,0
C003953,0
C003954,0
C003955,0
C003956,0
C003957,0
C003958,0
C003959,0
C003960,0
C003961,0
C003962,1
C003963,0
C003964,1
C003965,0
C003966,0
C003967,0
C003968,1
C003969,0
C003970,0
C003971,0
C003972,0
C003973,0
C003974,0
C003975,0
C003976,1
C003977,0
C003978,1
C003979,0
C003980,0
C003981,0
C003982,0
C003983,0
C003984,0
C003985,1
C003986,0
C003987,0
C003988,0
C003989,0
C003990,0
C003991,0
C003992,0
C003993,0
C003994,0
C003995,0
C003996,0
C003997,1
C003998,1
C003999,0
C004000,0
C004001,0
C004002,0
C004003,0
C004004,0
C004005,1
C004006,0
C004007,0
C004008,1
C004009,0
C004010,0
C004011,0
C004012,0
C004013,0
C004014,0
C004015,0
C004016,0
C004017,0
C004018,1
C004019,0
C004020,0
C004021,0
C004022,0
C004023,0
C004024,0
C004025,0
C004026,0
C004027,0
C004028,0
C004029,1
C004030,0
C004031,0
C004032,0
C004033,0
C004034,0
C004035,0
C004036,0
C004037,0
C004038,0
C004039,0
C004040,0
C004041,1
C004042,0
C004043,0
C004044,0
C004045,0
C004046,1
C004047,0
C004048,0
C004049,0
C004050,0
C004051,1
C004052,0
C004053,0
C004054,0
C004055,0
C004056,0
C004057,0
C004058,0
C004059,1
C004060,0
C004061,0
C004062,0
C004063,0
C004064,0
C004065,0
C004066,0
C004067,0
C004068,0
C004069,0
C004070,0
C004071,0
C004072,0
C004073,0
C004074,0
C004075,0
C004076,0
C004077,0
C004078,0
C004079,0
C004080,0
C004081,0
C004082,0
C004083,0
C004084,0
C004085,0
C004086,0
C004087,0
C004088,0
C004089,1
C004090,0
C004091,0
C004092,0
C004093,0
C004094,1
C004095,0
C004096,0
C004097,0
C004098,0
C004099,1
C004100,0
C004101,0
C004102,0
C004103,0
C004104,0
C004105,1
C004106,0
C004107,0
C004108,0
C004109,0
C004110,0
C004111,0
C004112,0
C004113,0
C004114,0
C004115,0
C004116,0
C004117,0
C004118,0
C004119,0
C004120,0
C004121,0
C004122,0
C004123,0
C004124,0
C004125,1
C004126,0
C004127,0
C004128,0
C004129,0
C004130,0
C004131,0
C004132,0
C004133,0
C004134,0
C004135,0
C004136,0
C004137,1
C004138,1
C004139,0
C004140,0
C004141,1
C004142,0
C004143,0
C004144,0
C004145,0
C004146,1
C004147,0
C004148,0
C004149,0
C004150,0
C004151,0
C004152,0
C004153,0
C004154,0
C004155,0
C004156,0
C004157,0
C004158,1
C004159,0
C004160,0
C004161,0
C004162,0
C004163,0
C004164,0
C004165,0
C004166,0
C004167,0
C004168,0
C004169,0
C004170,1
C004171,0
C004172,0
C004173,0
C004174,0
C004175,0
C004176,0
C004177,0
C004178,0
C004179,0
C004180,0
C004181,0
C004182,0
C004183,0
C004184,1
C004185,1
C004186,0
C004187,0
C004188,0
C004189,0
C004190,0
C004191,0
C004192,0
C004193,0
C004194,0
C004195,0
C004196,0
C004197,0
C004198,0
C004199,0
C004200,0
C004201,0
C004202,0
C004203,0
C004204,0
C004205,0
C004206,0
C004207,0
C004208,0
C004209,0
C004210,1
C004211,0
C004212,0
C004213,0
C004214,0
C004215,0
C004216,1
C004217,0
C004218,0
C004219,0
C004220,0
C004221,0
C004222,0
C004223,0
C004224,1
C004225,0
C004226,0
C004227,0
C004228,0
C004229,1
C004230,0
C004231,0
C004232,0
C004233,0
C004234,0
C004235,0
C004236,0
C004237,0
C004238,0
C004239,0
C004240,0
C004241,0
C004242,0
C004243,1
C004244,0
C004245,0
C004246,0
C004247,0
C004248,0
C004249,0
C004250,1
C004251,0
C004252,0
C004253,0
C004254,0
C004255,0
C004256,0
C004257,0
C004258,1
C004259,0
C004260,0
C004261,0
C004262,0
C004263,0
C004264,1
C004265,0
C004266,0
C004267,1
C004268,1
C004269,0
C004270,0
C004271,0
C004272,1
C004273,0
C004274,0
C004275,0
C004276,0
C004277,0
C004278,0
C004279,0
C004280,0
C004281,0
C004282,1
C004283,0
C004284,0
C004285,0
C004286,0
C004287,0
C004288,0
C004289,0
C004290,0
C004291,0
C004292,1
C004293,1
C004294,0
C004295,0
C004296,0
C004297,0
C004298,0
C004299,1
C004300,0
C004301,0
C004302,0
C004303,1
C004304,0
C004305,0
C004306,0
C004307,0
C004308,0
C004309,1
C004310,0
C004311,0
C004312,0
C004313,0
C004314,1
C004315,0
C004316,0
C004317,0
C004318,0
C004319,0
C004320,0
C004321,0
C004322,0
C004323,0
C004324,0
C004325,0
C004326,1
C004327,1
C004328,0
C004329,1
C004330,0
C004331,0
C004332,1
C004333,0
C004334,0
C004335,0
C004336,0
C004337,0
C004338,0
C004339,0
C004340,0
C004341,0
C004342,0
C004343,1
C004344,1
C004345,0
C004346,0
C004347,0
C004348,0
C004349,0
C004350,0
C004351,0
C004352,0
C004353,1
C004354,0
C004355,0
C004356,0
C004357,1
C004358,0
C004359,1
C004360,0
C004361,0
C004362,0
C004363,0
C004364,1
C004365,0
C004366,0
C004367,0
C004368,0
C004369,0
C004370,0
C004371,0
C004372,1
C004373,0
C004374,0
C004375,0
C004376,1
C004377,0
C004378,0
C004379,0
C004380,0
C004381,0
C004382,0
C004383,0
C004384,0
C004385,0
C004386,0
C004387,1
C004388,0
C004389,0
C004390,0
C004391,0
C004392,0
C004393,0
C004394,0
C004395,0
C004396,0
C004397,0
C004398,0
C004399,0
C004400,0
C004401,0
C004402,1
C004403,0
C004404,0
C004405,1
C004406,0
C004407,0
C004408,0
C004409,0
C004410,0
C004411,1
C004412,0
C004413,0
C004414,0
C004415,0
C004416,0
C004417,0
C004418,0
C004419,0
C004420,1
C004421,0
C004422,0
C004423,0
C004424,1
C004425,0
C004426,0
C004427,0
C004428,0
C004429,0
C004430,0
C004431,1
C004432,0
C004433,0
C004434,0
C004435,0
C004436,0
C004437,0
C004438,0
C004439,0
C004440,0
C004441,0
C004442,0
C004443,0
C004444,0
C004445,0
C004446,0
C004447,0
C004448,0
C004449,0
C004450,0
C004451,0
C004452,0
C004453,0
C004454,0
C004455,1
C004456,0
C004457,1
C004458,1
C004459,0
C004460,0
C004461,0
C004462,0
C004463,0
C004464,0
C004465,0
C004466,1
C004467,0
C004468,0
C004469,0
C004470,0
C004471,1
C004472,1
C004473,0
C004474,0
C004475,0
C004476,0
C004477,0
C004478,0
C004479,0
C004480,0
C004481,0
C004482,0
C004483,0
C004484,1
C004485,1
C004486,0
C004487,1
C004488,0
C004489,0
C004490,1
C004491,1
C004492,0
C004493,0
C004494,1
C004495,0
C004496,1
C004497,0
C004498,0
C004499,1
C004500,0
C004501,1
C004502,0
C004503,0
C004504,0
C004505,1
C004506,0
C004507,0
C004508,0
C004509,0
C004510,1
C004511,0
C004512,0
C004513,0
C004514,0
C004515,0
C004516,0
C004517,0
C004518,0
C004519,0
C004520,1
C004521,0
C004522,0
C004523,0
C004524,0
C004525,1
C004526,0
C004527,0
C004528,0
C004529,0
C004530,0
C004531,1
C004532,0
C004533,0
C004534,0
C004535,1
C004536,0
C004537,1
C004538,0
C004539,0
C004540,0
C004541,0
C004542,0
C004543,0
C004544,1
C004545,0
C004546,0
C004547,0
C004548,0
C004549,0
C004550,0
C004551,0
C004552,0
C004553,0
C004554,1
C004555,0
C004556,0
C004557,0
C004558,0
C004559,0
C004560,0
C004561,0
C004562,0
C004563,0
C004564,0
C004565,0
C004566,1
C004567,0
C004568,0
C004569,1
C004570,0
C004571,0
C004572,0
C004573,0
C004574,0
C004575,0
C004576,0
C004577,0
C004578,0
C004579,0
C004580,0
C004581,0
C004582,1
C004583,0
C004584,0
C004585,0
C004586,0
C004587,0
C004588,0
C004589,0
C004590,0
C004591,0
C004592,0
C004593,1
C004594,0
C004595,0
C004596,0
C004597,0
C004598,0
C004599,0
C004600,0
C004601,0
C004602,0
C004603,0
C004604,0
C004605,0
C004606,1
C004607,0
C004608,0
C004609,0
C004610,0
C004611,1
C004612,0
C004613,1
C004614,0
C004615,0
C004616,0
C004617,0
C004618,0
C004619,0
C004620,0
C004621,0
C004622,0
C004623,0
C004624,0
C004625,0
C004626,1
C004627,0
C004628,0
C004629,0
C004630,0
C004631,1
C004632,0
C004633,0
C004634,0
C004635,0
C004636,0
C004637,0
C004638,0
C004639,1
C004640,0
C004641,1
C004642,0
C004643,0
C004644,0
C004645,0
C004646,1
C004647,1
C004648,1
C004649,0
C004650,0
C004651,0
C004652,0
C004653,0
C004654,1
C004655,0
C004656,0
C004657,0
C004658,0
C004659,0
C004660,0
C004661,0
C004662,0
C004663,0
C004664,0
C004665,0
C004666,0
C004667,0
C004668,0
C004669,0
C004670,0
C004671,0
C004672,0
C004673,0
C004674,0
C004675,0
C004676,0
C004677,0
C004678,0
C004679,0
C004680,0
C004681,0
C004682,0
C004683,0
C004684,0
C004685,0
C004686,0
C004687,1
C004688,1
C004689,0
C004690,0
C004691,0
C004692,0
C004693,0
C004694,0
C004695,1
C004696,1
C004697,0
C004698,0
C004699,0
C004700,0
C004701,0
C004702,0
C004703,0
C004704,0
C004705,1
C004706,0
C004707,0
C004708,0
C004709,0
C004710,0
C004711,0
C004712,0
C004713,0
C004714,0
C004715,1
C004716,0
C004717,0
C004718,0
C004719,0
C004720,0
C004721,0
C004722,0
C004723,0
C004724,0
C004725,1
C004726,1
C004727,0
C004728,0
C004729,0
C004730,0
C004731,0
C004732,1
C004733,0
C004734,0
C004735,1
C004736,0
C004737,0
C004738,0
C004739,1
C004740,0
C004741,0
C004742,0
C004743,0
C004744,1
C004745,0
C004746,0
C004747,0
C004748,0
C004749,0
C004750,1
C004751,0
C004752,0
C004753,1
C004754,0
C004755,0
C004756,0
C004757,0
C004758,0
C004759,0
C004760,0
C004761,0
C004762,0
C004763,0
C004764,1
C004765,0
C004766,0
C004767,0
C004768,0
C004769,1
C004770,0
C004771,0
C004772,0
C004773,0
C004774,0
C004775,0
C004776,0
C004777,0
C004778,0
C004779,0
C004780,0
C004781,0
C004782,0
C004783,0
C004784,0
C004785,0
C004786,0
C004787,0
C004788,0
C004789,0
C004790,0
C004791,0
C004792,0
C004793,0
C004794,0
C004795,0
C004796,0
C004797,0
C004798,0
C004799,0
C004800,0
C004801,0
C004802,0
C004803,0
C004804,0
C004805,1
C004806,0
C004807,0
C004808,0
C004809,0
C004810,1
C004811,0
C004812,0
C004813,0
C004814,1
C004815,1
C004816,0
C004817,0
C004818,0
C004819,1
C004820,0
C004821,0
C004822,0
C004823,0
C004824,0
C004825,0
C004826,0
C004827,0
C004828,0
C004829,0
C004830,0
C004831,0
C004832,0
C004833,0
C004834,0
C004835,0
C004836,0
C004837,0
C004838,0
C004839,0
C004840,0
C004841,0
C004842,0
C004843,0
C004844,0
C004845,0
C004846,1
C004847,0
C004848,0
C004849,0
C004850,0
C004851,1
C004852,0
C004853,0
C004854,1
C004855,0
C004856,0
C004857,0
C004858,1
C004859,0
C004860,0
C004861,0
C004862,0
C004863,0
C004864,0
C004865,0
C004866,1
C004867,0
C004868,0
C004869,0
C004870,0
C004871,0
C004872,0
C004873,0
C004874,0
C004875,0
C004876,0
C004877,0
C004878,1
C004879,0
C004880,0
C004881,0
C004882,0
C004883,0
C004884,0
C004885,0
C004886,1
C004887,1
C004888,0
C004889,0
C004890,0
C004891,1
C004892,0
C004893,0
C004894,0
C004895,0
C004896,1
C004897,0
C004898,0
C004899,0
C004900,0
C004901,1
C004902,0
C004903,0
C004904,0
C004905,0
C004906,0
C004907,0
C004908,0
C004909,0
C004910,1
C004911,0
C004912,0
C004913,0
C004914,0
C004915,0
C004916,0
C004917,0
C004918,1
C004919,0
C004920,0
C004921,1
C004922,0
C004923,0
C004924,1
C004925,1
C004926,0
C004927,0
C004928,1
C004929,0
C004930,1
C004931,0
C004932,0
C004933,0
C004934,0
C004935,0
C004936,0
C004937,0
C004938,0
C004939,0
C004940,1
C004941,0
C004942,0
C004943,0
C004944,0
C004945,0
C004946,0
C004947,0
C004948,0
C004949,1
C004950,0
C004951,1
C004952,1
C004953,0
C004954,1
C004955,0
C004956,0
C004957,0
C004958,0
C004959,0
C004960,0
C004961,0
C004962,0
C004963,0
C004964,0
C004965,0
C004966,0
C004967,0
C004968,0
C004969,0
C004970,0
C004971,0
C004972,0
C004973,0
C004974,0
C004975,1
C004976,0
C004977,0
C004978,1
C004979,0
C004980,0
C004981,1
C004982,0
C004983,0
C004984,0
C004985,0
C004986,0
C004987,0
C004988,0
C004989,0
C004990,0
C004991,0
C004992,0
C004993,0
C004994,0
C004995,0
C004996,0
C004997,0
C004998,0
C004999,1
C005000,0
