customer_id,clv
C000001,181.01
C000002,916.46
C000003,211.8
C000004,1533.98
C000005,757.04
C000006,271.82
C000007,637.99
C000008,307.71
C000009,2061.77
C000010,504.41
C000011,220.92
C000012,360.78
C000013,76.02
C000014,382.9
C000015,315.29
C000016,208.46
C000017,1070.7
C000018,305.57
C000019,418.13
C000020,236.86
C000021,409.43
C000022,413.59
C000023,313.06
C000024,250.05
C000025,433.82
C000026,141.46
C000027,321.49
C000028,612.63
C000029,115.0
C000030,2095.24
C000031,15.61
C000032,222.95
C000033,414.07
C000034,177.68
C000035,1399.43
C000036,323.01
C000037,1244.91
C000038,269.83
C000039,1343.16
C000040,1613.32
C000041,2272.99
C000042,102.92
C000043,519.39
C000044,1673.09
C000045,256.15
C000046,490.77
C000047,232.23
C000048,326.87
C000049,959.74
C000050,1182.33
C000051,902.89
C000052,4448.04
C000053,755.29
C000054,71.37
C000055,541.15
C000056,693.19
C000057,396.28
C000058,20.21
C000059,260.91
C000060,1960.01
C000061,2608.14
C000062,362.84
C000063,48.62
C000064,275.51
C000065,2602.26
C000066,2111.41
C000067,101.91
C000068,422.17
C000069,94.25
C000070,6085.05
C000071,461.93
C000072,26.6
C000073,205.34
C000074,199.02
C000075,814.26
C000076,1545.49
C000077,731.19
C000078,1713.86
C000079,6388.26
C000080,687.21
C000081,1351.91
C000082,1494.54
C000083,1279.72
C000084,667.54
C000085,1165.86
C000086,991.16
C000087,503.43
C000088,1319.34
C000089,2753.48
C000090,1894.93
C000091,632.48
C000092,694.97
C000093,231.09
C000094,584.78
C000095,209.6
C000096,955.82
C000097,14.68
C000098,1897.18
C000099,3128.04
C000100,1391.82
C000101,2770.77
C000102,230.33
C000103,179.13
C000104,1338.56
C000105,630.89
C000106,884.8
C000107,453.35
C000108,140.14
C000109,134.69
C000110,3628.93
C000111,534.01
C000112,723.04
C000113,320.77
C000114,1234.16
C000115,502.66
C000116,202.57
C000117,305.48
C000118,714.87
C000119,228.65
C000120,429.97
C000121,303.5
C000122,691.35
C000123,1465.51
C000124,277.87
C000125,633.81
C000126,62.36
C000127,215.56
C000128,36.78
C000129,551.09
C000130,203.01
C000131,850.66
C000132,199.18
C000133,337.5
C000134,2490.7
C000135,195.49
C000136,159.24
C000137,195.08
C000138,327.47
C000139,376.37
C000140,655.97
C000141,62.82
C000142,77.64
C000143,249.17
C000144,280.7
C000145,479.21
C000146,465.36
C000147,903.52
C000148,235.53
C000149,83.93
C000150,1404.09
C000151,125.68
C000152,86.41
C000153,298.79
C000154,597.02
C000155,249.36
C000156,319.39
C000157,345.47
C000158,353.42
C000159,1694.27
C000160,1482.38
C000161,1319.63
C000162,547.38
C000163,1457.74
C000164,441.13
C000165,2637.94
C000166,309.35
C000167,598.72
C000168,67.75
C000169,4910.34
C000170,260.48
C000171,112.8
C000172,164.21
C000173,486.62
C000174,469.97
C000175,898.37
C000176,849.05
C000177,85.39
C000178,78.69
C000179,119.47
C000180,51.55
C000181,992.97
C000182,136.95
C000183,294.91
C000184,275.49
C000185,378.7
C000186,490.54
C000187,516.22
C000188,291.23
C000189,56.22
C000190,241.02
C000191,451.22
C000192,273.33
C000193,361.07
C000194,861.86
C000195,102.8
C000196,2061.14
C000197,177.6
C000198,542.12
C000199,486.04
C000200,5071.72
C000201,143.14
C000202,382.98
C000203,798.83
C000204,42.46
C000205,139.15
C000206,220.97
C000207,753.4
C000208,4061.77
C000209,324.27
C000210,876.51
C000211,98.19
C000212,990.57
C000213,956.8
C000214,239.91
C000215,347.61
C000216,840.19
C000217,229.98
C000218,487.73
C000219,697.98
C000220,115.55
C000221,664.85
C000222,506.04
C000223,491.92
C000224,178.05
C000225,135.34
C000226,131.64
C000227,133.89
C000228,467.99
C000229,62.64
C000230,318.29
C000231,1047.38
C000232,196.98
C000233,276.94
C000234,259.62
C000235,988.15
C000236,1033.81
C000237,198.06
C000238,509.8
C000239,1509.47
C000240,210.69
C000241,510.02
C000242,26.23
C000243,130.97
C000244,989.36
C000245,273.39
C000246,1853.43
C000247,2007.89
C000248,392.31
C000249,154.46
C000250,220.24
C000251,971.81
C000252,949.33
C000253,135.48
C000254,317.19
C000255,196.05
C000256,67.22
C000257,1071.61
C000258,4508.36
C000259,2217.47
C000260,5036.5
C000261,497.12
C000262,77.74
C000263,920.58
C000264,200.5
C000265,1284.21
C000266,81.26
C000267,317.37
C000268,84.2
C000269,55.98
C000270,1054.99
C000271,76.76
C000272,497.37
C000273,336.66
C000274,1012.73
C000275,203.36
C000276,223.57
C000277,1248.88
C000278,379.33
C000279,322.24
C000280,548.97
C000281,1240.94
C000282,576.0
C000283,990.4
C000284,46.98
C000285,289.53
C000286,83.96
C000287,449.14
C000288,1164.28
C000289,1157.21
C000290,1465.17
C000291,326.73
C000292,3891.5
C000293,55.11
C000294,361.2
C000295,3740.1
C000296,100.69
C000297,1253.22
C000298,301.93
C000299,36.17
C000300,1667.32
C000301,150.27
C000302,4317.71
C000303,415.1
C000304,370.26
C000305,742.67
C000306,280.3
C000307,786.83
C000308,299.97
C000309,341.79
C000310,234.28
C000311,1106.27
C000312,405.99
C000313,654.86
C000314,117.37
C000315,1093.19
C000316,557.48
C000317,142.0
C000318,142.12
C000319,697.15
C000320,240.03
C000321,1881.01
C000322,208.76
C000323,437.73
C000324,468.07
C000325,160.93
C000326,1535.9
C000327,319.37
C000328,2220.19
C000329,1298.2
C000330,237.99
C000331,852.01
C000332,160.69
C000333,379.02
C000334,236.22
C000335,158.96
C000336,517.13
C000337,1247.33
C000338,350.49
C000339,341.19
C000340,48.24
C000341,141.29
C000342,324.99
C000343,1879.2
C000344,284.59
C000345,837.64
C000346,1698.39
C000347,1032.85
C000348,557.52
C000349,124.69
C000350,2074.57
C000351,1455.34
C000352,314.84
C000353,375.28
C000354,68.44
C000355,325.9
C000356,442.97
C000357,188.58
C000358,528.5
C000359,540.08
C000360,483.26
C000361,812.39
C000362,206.81
C000363,367.91
C000364,1436.73
C000365,75.15
C000366,235.56
C000367,448.0
C000368,601.52
C000369,5401.36
C000370,33.2
C000371,84.01
C000372,4914.65
C000373,220.94
C000374,63.74
C000375,245.57
C000376,243.47
C000377,410.64
C000378,716.89
C000379,202.41
C000380,1414.32
C000381,551.7
C000382,1359.52
C000383,452.79
C000384,1488.6
C000385,589.56
C000386,390.33
C000387,712.29
C000388,645.95
C000389,252.42
C000390,931.8
C000391,748.68
C000392,962.93
C000393,1893.12
C000394,873.78
C000395,4595.76
C000396,255.02
C000397,344.65
C000398,362.43
C000399,1166.25
C000400,666.69
C000401,363.34
C000402,1020.8
C000403,591.71
C000404,919.1
C000405,1400.04
C000406,71.16
C000407,151.47
C000408,317.45
C000409,892.37
C000410,1803.21
C000411,628.53
C000412,2389.47
C000413,435.88
C000414,181.74
C000415,934.17
C000416,230.62
C000417,365.22
C000418,1434.57
C000419,395.79
C000420,1247.87
C000421,298.3
C000422,458.06
C000423,265.11
C000424,1514.99
C000425,404.78
C000426,154.51
C000427,2545.76
C000428,376.85
C000429,287.57
C000430,1463.85
C000431,1578.84
C000432,274.06
C000433,122.66
C000434,1719.2
C000435,321.6
C000436,809.25
C000437,64.65
C000438,459.29
C000439,161.34
C000440,1252.6
C000441,903.23
C000442,514.11
C000443,55.7
C000444,2644.67
C000445,1639.61
C000446,845.78
C000447,82.45
C000448,2141.73
C000449,805.23
C000450,123.13
C000451,77.55
C000452,49.52
C000453,1194.83
C000454,473.17
C000455,291.74
C000456,525.22
C000457,1187.61
C000458,460.05
C000459,437.11
C000460,41.52
C000461,228.57
C000462,468.91
C000463,312.19
C000464,1279.94
C000465,316.07
C000466,128.15
C000467,476.55
C000468,883.66
C000469,269.56
C000470,1783.83
C000471,1034.1
C000472,298.82
C000473,495.14
C000474,259.36
C000475,4991.44
C000476,2016.78
C000477,3668.73
C000478,1048.89
C000479,459.49
C000480,4333.6
C000481,266.99
C000482,1054.17
C000483,101.09
C000484,1145.81
C000485,671.35
C000486,429.65
C000487,211.02
C000488,200.15
C000489,3494.82
C000490,294.6
C000491,1150.13
C000492,1536.83
C000493,240.61
C000494,486.48
C000495,4080.41
C000496,167.16
C000497,306.08
C000498,351.84
C000499,443.38
C000500,887.81
C000501,7086.66
C000502,102.01
C000503,187.17
C000504,1862.55
C000505,438.65
C000506,494.77
C000507,317.57
C000508,721.66
C000509,72.34
C000510,236.09
C000511,314.44
C000512,526.69
C000513,841.91
C000514,1196.3
C000515,858.28
C000516,245.68
C000517,351.31
C000518,171.59
C000519,136.84
C000520,2090.75
C000521,111.9
C000522,322.33
C000523,407.44
C000524,857.83
C000525,1271.64
C000526,265.42
C000527,622.5
C000528,247.09
C000529,320.67
C000530,386.55
C000531,1693.09
C000532,1586.79
C000533,216.18
C000534,75.21
C000535,1118.14
C000536,295.02
C000537,447.5
C000538,456.82
C000539,318.3
C000540,494.77
C000541,575.29
C000542,378.56
C000543,990.33
C000544,2496.47
C000545,1937.95
C000546,235.82
C000547,270.91
C000548,4636.3
C000549,4113.68
C000550,663.57
C000551,572.84
C000552,85.4
C000553,1369.55
C000554,164.81
C000555,1409.84
C000556,1287.55
C000557,344.27
C000558,211.65
C000559,112.24
C000560,206.58
C000561,327.85
C000562,187.69
C000563,2124.71
C000564,1094.57
C000565,400.23
C000566,79.85
C000567,75.11
C000568,312.65
C000569,577.53
C000570,69.84
C000571,1888.07
C000572,706.17
C000573,391.77
C000574,1729.29
C000575,163.07
C000576,951.73
C000577,1231.14
C000578,47.55
C000579,106.67
C000580,461.24
C000581,155.54
C000582,212.86
C000583,147.6
C000584,1067.42
C000585,243.71
C000586,345.99
C000587,1845.41
C000588,304.22
C000589,744.56
C000590,118.09
C000591,142.91
C000592,252.92
C000593,25.14
C000594,828.98
C000595,972.19
C000596,366.27
C000597,1039.09
C000598,303.43
C000599,429.25
C000600,626.13
C000601,523.19
C000602,724.79
C000603,427.1
C000604,253.52
C000605,2057.66
C000606,657.48
C000607,172.83
C000608,369.13
C000609,3717.73
C000610,415.59
C000611,270.37
C000612,1338.45
C000613,791.72
C000614,73.11
C000615,496.82
C000616,927.03
C000617,1731.54
C000618,532.44
C000619,115.65
C000620,63.07
C000621,843.86
C000622,715.16
C000623,195.65
C000624,2142.6
C000625,177.34
C000626,307.33
C000627,245.29
C000628,943.12
C000629,1244.22
C000630,209.65
C000631,679.76
C000632,1504.31
C000633,1173.29
C000634,2169.7
C000635,163.14
C000636,257.9
C000637,4140.11
C000638,975.26
C000639,1350.3
C000640,255.75
C000641,834.96
C000642,2608.27
C000643,441.38
C000644,342.66
C000645,146.98
C000646,922.7
C000647,3353.47
C000648,684.39
C000649,255.11
C000650,462.14
C000651,376.16
C000652,601.7
C000653,529.38
C000654,1818.77
C000655,741.48
C000656,307.68
C000657,308.04
C000658,410.45
C000659,308.5
C000660,159.12
C000661,753.18
C000662,416.52
C000663,342.74
C000664,2522.69
C000665,1212.82
C000666,192.57
C000667,292.77
C000668,1499.73
C000669,469.65
C000670,141.64
C000671,704.4
C000672,2127.54
C000673,217.04
C000674,347.03
C000675,1323.56
C000676,27.88
C000677,667.99
C000678,621.09
C000679,772.87
C000680,295.96
C000681,996.06
C000682,122.3
C000683,361.17
C000684,371.85
C000685,370.37
C000686,76.24
C000687,520.5
C000688,89.9
C000689,3648.33
C000690,262.38
C000691,1193.68
C000692,309.89
C000693,718.5
C000694,343.56
C000695,4200.87
C000696,945.28
C000697,604.01
C000698,397.25
C000699,331.28
C000700,843.17
C000701,376.39
C000702,296.27
C000703,32.73
C000704,26.02
C000705,254.13
C000706,3003.0
C000707,550.65
C000708,237.05
C000709,627.79
C000710,453.61
C000711,312.98
C000712,115.66
C000713,331.22
C000714,662.78
C000715,1622.43
C000716,642.1
C000717,536.21
C000718,551.09
C000719,558.47
C000720,175.91
C000721,323.14
C000722,159.47
C000723,129.51
C000724,1158.46
C000725,467.49
C000726,1250.11
C000727,206.34
C000728,1206.0
C000729,1639.16
C000730,1382.06
C000731,215.65
C000732,92.56
C000733,2082.79
C000734,142.73
C000735,185.3
C000736,766.16
C000737,61.54
C000738,521.23
C000739,524.28
C000740,472.7
C000741,203.63
C000742,244.56
C000743,949.17
C000744,244.37
C000745,715.56
C000746,454.29
C000747,739.61
C000748,366.03
C000749,459.26
C000750,298.85
C000751,2551.2
C000752,395.09
C000753,595.82
C000754,326.04
C000755,531.65
C000756,517.24
C000757,269.43
C000758,94.69
C000759,503.34
C000760,82.35
C000761,2435.55
C000762,258.74
C000763,1241.47
C000764,1794.95
C000765,390.44
C000766,397.69
C000767,315.39
C000768,193.48
C000769,1269.75
C000770,70.04
C000771,214.21
C000772,135.97
C000773,29.91
C000774,1507.8
C000775,390.62
C000776,411.65
C000777,334.83
C000778,159.34
C000779,2406.47
C000780,802.41
C000781,278.45
C000782,4095.44
C000783,571.1
C000784,682.16
C000785,34.19
C000786,433.91
C000787,99.83
C000788,172.6
C000789,323.53
C000790,3434.74
C000791,2652.13
C000792,1324.62
C000793,352.14
C000794,199.74
C000795,440.3
C000796,1266.06
C000797,531.18
C000798,299.56
C000799,1116.45
C000800,298.42
C000801,295.51
C000802,250.47
C000803,139.66
C000804,918.35
C000805,447.84
C000806,139.68
C000807,353.09
C000808,84.87
C000809,288.82
C000810,270.61
C000811,1112.57
C000812,482.98
C000813,245.97
C000814,639.43
C000815,402.67
C000816,542.3
C000817,413.07
C000818,34.43
C000819,1312.48
C000820,700.81
C000821,482.53
C000822,1233.15
C000823,546.76
C000824,234.98
C000825,5145.4
C000826,1080.86
C000827,87.5
C000828,416.61
C000829,1101.59
C000830,235.5
C000831,89.6
C000832,75.28
C000833,1448.43
C000834,1367.7
C000835,1309.69
C000836,425.25
C000837,965.34
C000838,555.74
C000839,274.51
C000840,117.86
C000841,568.96
C000842,38.52
C000843,2655.01
C000844,1754.4
C000845,174.85
C000846,107.95
C000847,3504.32
C000848,3984.36
C000849,905.41
C000850,170.19
C000851,1174.02
C000852,674.55
C000853,595.35
C000854,107.32
C000855,1037.48
C000856,1375.48
C000857,1670.37
C000858,3533.92
C000859,2305.98
C000860,521.59
C000861,1681.92
C000862,261.18
C000863,361.96
C000864,2285.98
C000865,465.22
C000866,211.75
C000867,387.47
C000868,1033.83
C000869,822.93
C000870,3647.74
C000871,414.14
C000872,801.28
C000873,25.89
C000874,148.56
C000875,705.86
C000876,728.95
C000877,291.94
C000878,235.21
C000879,3782.49
C000880,403.78
C000881,481.05
C000882,58.49
C000883,117.69
C000884,353.56
C000885,828.85
C000886,109.68
C000887,3014.58
C000888,331.98
C000889,307.82
C000890,360.03
C000891,936.58
C000892,1446.46
C000893,643.74
C000894,714.46
C000895,206.08
C000896,470.79
C000897,580.27
C000898,2332.18
C000899,511.67
C000900,2280.21
C000901,1651.26
C000902,671.36
C000903,387.34
C000904,5179.32
C000905,155.56
C000906,45.72
C000907,1182.35
C000908,571.94
C000909,101.18
C000910,523.04
C000911,454.14
C000912,16.92
C000913,138.73
C000914,1282.79
C000915,430.88
C000916,704.96
C000917,423.74
C000918,847.23
C000919,3771.4
C000920,573.17
C000921,201.56
C000922,98.4
C000923,277.55
C000924,1451.21
C000925,1859.87
C000926,321.11
C000927,407.17
C000928,268.04
C000929,645.02
C000930,315.16
C000931,494.66
C000932,2147.36
C000933,3398.36
C000934,533.49
C000935,335.27
C000936,888.8
C000937,2300.67
C000938,412.43
C000939,449.08
C000940,406.74
C000941,390.92
C000942,1639.89
C000943,951.72
C000944,663.17
C000945,1032.57
C000946,341.21
C000947,464.88
C000948,391.33
C000949,302.46
C000950,1254.93
C000951,470.69
C000952,1968.53
C000953,270.68
C000954,569.0
C000955,385.96
C000956,1877.52
C000957,797.12
C000958,1294.47
C000959,194.42
C000960,928.86
C000961,434.06
C000962,4444.25
C000963,142.21
C000964,259.7
C000965,1254.32
C000966,287.63
C000967,1603.14
C000968,3168.33
C000969,184.85
C000970,291.83
C000971,852.88
C000972,129.5
C000973,1625.43
C000974,1591.17
C000975,952.29
C000976,363.33
C000977,657.53
C000978,70.35
C000979,105.45
C000980,213.07
C000981,354.15
C000982,401.84
C000983,19.55
C000984,305.25
C000985,868.84
C000986,536.21
C000987,160.64
C000988,2374.84
C000989,263.26
C000990,62.44
C000991,319.47
C000992,270.35
C000993,346.18
C000994,4866.65
C000995,129.47
C000996,301.8
C000997,569.12
C000998,25.05
C000999,829.29
C001000,2082.97
C001001,57.41
C001002,706.61
C001003,1178.96
C001004,1532.49
C001005,1523.13
C001006,492.33
C001007,1018.75
C001008,636.43
C001009,958.81
C001010,213.97
C001011,260.15
C001012,669.92
C001013,20.97
C001014,486.72
C001015,66.0
C001016,145.72
C001017,645.02
C001018,432.52
C001019,98.82
C001020,170.52
C001021,793.58
C001022,860.55
C001023,339.08
C001024,1082.41
C001025,1050.21
C001026,427.15
C001027,366.9
C001028,261.55
C001029,1009.33
C001030,231.8
C001031,617.54
C001032,995.9
C001033,2597.01
C001034,238.68
C001035,559.67
C001036,617.49
C001037,94.34
C001038,938.2
C001039,3949.56
C001040,53.69
C001041,1255.23
C001042,775.96
C001043,387.54
C001044,2206.89
C001045,128.64
C001046,135.97
C001047,218.5
C001048,118.43
C001049,146.9
C001050,665.95
C001051,520.93
C001052,820.94
C001053,505.61
C001054,330.15
C001055,356.42
C001056,199.22
C001057,746.13
C001058,563.86
C001059,143.24
C001060,236.78
C001061,192.62
C001062,1264.1
C001063,498.53
C001064,512.66
C001065,125.46
C001066,85.56
C001067,422.51
C001068,975.6
C001069,429.93
C001070,283.95
C001071,233.45
C001072,1164.78
C001073,24.28
C001074,302.26
C001075,517.62
C001076,269.98
C001077,255.55
C001078,1109.84
C001079,496.34
C001080,384.48
C001081,50.16
C001082,934.24
C001083,261.61
C001084,2753.22
C001085,1205.27
C001086,775.54
C001087,369.29
C001088,1022.51
C001089,455.27
C001090,737.38
C001091,345.9
C001092,4133.99
C001093,773.23
C001094,566.99
C001095,217.24
C001096,472.02
C001097,40.78
C001098,175.96
C001099,1813.56
C001100,234.48
C001101,417.37
C001102,212.36
C001103,978.94
C001104,482.93
C001105,121.96
C001106,188.61
C001107,613.25
C001108,1341.6
C001109,950.49
C001110,711.57
C001111,165.93
C001112,403.68
C001113,1004.86
C001114,423.96
C001115,81.87
C001116,150.81
C001117,230.17
C001118,754.7
C001119,253.09
C001120,633.2
C001121,233.17
C001122,54.31
C001123,1473.07
C001124,354.21
C001125,1748.36
C001126,233.62
C001127,1107.45
C001128,220.32
C001129,962.15
C001130,99.8
C001131,1216.31
C001132,125.65
C001133,532.74
C001134,127.14
C001135,448.25
C001136,788.34
C001137,4255.19
C001138,1249.32
C001139,566.37
C001140,1872.93
C001141,5087.7
C001142,1028.18
C001143,141.28
C001144,266.14
C001145,1071.89
C001146,267.13
C001147,192.49
C001148,359.04
C001149,5574.45
C001150,86.5
C001151,448.04
C001152,216.62
C001153,3290.26
C001154,319.4
C001155,627.78
C001156,542.07
C001157,320.86
C001158,174.25
C001159,421.67
C001160,103.87
C001161,119.18
C001162,238.42
C001163,485.12
C001164,390.19
C001165,1908.79
C001166,872.3
C001167,538.18
C001168,470.82
C001169,309.19
C001170,466.92
C001171,67.7
C001172,364.9
C001173,477.63
C001174,352.57
C001175,753.16
C001176,673.11
C001177,387.35
C001178,614.96
C001179,701.32
C001180,809.94
C001181,25.4
C001182,172.1
C001183,175.91
C001184,183.35
C001185,120.97
C001186,151.8
C001187,118.44
C001188,1283.41
C001189,332.92
C001190,171.36
C001191,309.26
C001192,731.88
C001193,134.93
C001194,1076.39
C001195,530.01
C001196,311.52
C001197,854.79
C001198,530.21
C001199,507.42
C001200,303.43
C001201,526.94
C001202,136.08
C001203,81.61
C001204,246.67
C001205,863.77
C001206,204.88
C001207,812.47
C001208,178.62
C001209,80.89
C001210,103.92
C001211,760.45
C001212,494.32
C001213,306.06
C001214,110.76
C001215,214.86
C001216,672.4
C001217,29.47
C001218,1663.93
C001219,1186.37
C001220,862.31
C001221,459.46
C001222,767.57
C001223,88.36
C001224,731.93
C001225,433.98
C001226,308.84
C001227,403.95
C001228,207.91
C001229,641.65
C001230,967.54
C001231,127.55
C001232,110.81
C001233,168.09
C001234,86.94
C001235,3822.5
C001236,233.54
C001237,1142.5
C001238,234.59
C001239,969.78
C001240,494.04
C001241,544.35
C001242,162.71
C001243,136.5
C001244,471.09
C001245,57.96
C001246,488.5
C001247,197.6
C001248,44.92
C001249,165.38
C001250,238.97
C001251,1187.88
C001252,112.34
C001253,220.6
C001254,587.0
C001255,239.0
C001256,61.53
C001257,263.48
C001258,318.14
C001259,285.7
C001260,227.05
C001261,109.82
C001262,141.57
C001263,591.85
C001264,239.69
C001265,516.14
C001266,511.75
C001267,542.53
C001268,384.15
C001269,41.99
C001270,741.12
C001271,236.43
C001272,3000.81
C001273,551.19
C001274,491.82
C001275,118.15
C001276,2692.3
C001277,381.94
C001278,303.2
C001279,811.4
C001280,241.2
C001281,1552.17
C001282,104.22
C001283,309.54
C001284,1193.47
C001285,17.13
C001286,274.1
C001287,160.34
C001288,1594.1
C001289,444.48
C001290,826.38
C001291,1006.98
C001292,721.85
C001293,529.64
C001294,367.9
C001295,1401.2
C001296,888.14
C001297,344.12
C001298,528.84
C001299,2034.75
C001300,1187.9
C001301,689.97
C001302,202.34
C001303,113.05
C001304,187.06
C001305,152.09
C001306,207.95
C001307,4505.29
C001308,745.04
C001309,287.56
C001310,723.64
C001311,201.99
C001312,1662.26
C001313,1399.16
C001314,662.39
C001315,108.57
C001316,107.06
C001317,332.52
C001318,935.65
C001319,182.93
C001320,2688.39
C001321,490.53
C001322,265.03
C001323,541.4
C001324,604.39
C001325,80.2
C001326,300.22
C001327,293.65
C001328,576.92
C001329,441.76
C001330,406.42
C001331,333.68
C001332,3142.36
C001333,298.66
C001334,938.35
C001335,130.52
C001336,1889.79
C001337,245.44
C001338,152.72
C001339,419.67
C001340,954.17
C001341,465.07
C001342,5442.1
C001343,449.62
C001344,4247.49
C001345,277.6
C001346,227.57
C001347,173.09
C001348,1391.32
C001349,276.46
C001350,1787.14
C001351,53.29
C001352,4833.81
C001353,617.69
C001354,373.12
C001355,586.45
C001356,1078.49
C001357,375.51
C001358,660.61
C001359,148.55
C001360,147.65
C001361,31.41
C001362,127.98
C001363,204.19
C001364,5666.55
C001365,784.27
C001366,709.19
C001367,1927.23
C001368,957.3
C001369,2545.37
C001370,492.53
C001371,1151.25
C001372,37.95
C001373,202.13
C001374,228.99
C001375,572.46
C001376,5575.5
C001377,282.25
C001378,448.61
C001379,385.44
C001380,115.23
C001381,1295.75
C001382,234.43
C001383,1387.64
C001384,199.91
C001385,996.02
C001386,80.55
C001387,413.45
C001388,501.01
C001389,213.84
C001390,331.65
C001391,772.24
C001392,487.16
C001393,548.3
C001394,397.53
C001395,43.21
C001396,460.1
C001397,473.19
C001398,143.24
C001399,1555.79
C001400,120.2
C001401,117.82
C001402,426.72
C001403,466.2
C001404,400.59
C001405,625.29
C001406,54.22
C001407,119.73
C001408,2538.89
C001409,1700.61
C001410,403.53
C001411,316.67
C001412,638.74
C001413,1045.21
C001414,597.61
C001415,128.33
C001416,447.64
C001417,992.54
C001418,859.2
C001419,172.63
C001420,138.19
C001421,280.06
C001422,3841.68
C001423,57.58
C001424,30.94
C001425,356.23
C001426,156.39
C001427,3068.24
C001428,1657.16
C001429,372.43
C001430,119.43
C001431,190.91
C001432,177.01
C001433,390.95
C001434,731.44
C001435,4833.12
C001436,316.0
C001437,598.74
C001438,242.89
C001439,358.19
C001440,308.08
C001441,160.7
C001442,225.73
C001443,269.62
C001444,287.62
C001445,260.61
C001446,715.71
C001447,2072.13
C001448,1072.38
C001449,67.4
C001450,549.05
C001451,80.3
C001452,694.82
C001453,83.87
C001454,866.86
C001455,784.95
C001456,576.98
C001457,503.32
C001458,92.2
C001459,46.14
C001460,60.15
C001461,4057.76
C001462,60.99
C001463,544.08
C001464,329.84
C001465,576.05
C001466,435.19
C001467,213.21
C001468,1207.43
C001469,3004.06
C001470,776.17
C001471,125.47
C001472,180.36
C001473,188.57
C001474,193.05
C001475,178.6
C001476,873.11
C001477,204.57
C001478,2995.03
C001479,332.33
C001480,2620.68
C001481,360.59
C001482,845.29
C001483,241.77
C001484,540.5
C001485,666.95
C001486,700.16
C001487,29.56
C001488,177.57
C001489,139.11
C001490,992.09
C001491,447.66
C001492,622.69
C001493,1053.51
C001494,36.34
C001495,74.5
C001496,229.95
C001497,199.8
C001498,2065.24
C001499,752.76
C001500,177.96
C001501,203.22
C001502,2547.63
C001503,369.35
C001504,4290.51
C001505,295.39
C001506,1210.01
C001507,496.94
C001508,436.44
C001509,790.1
C001510,1085.06
C001511,472.55
C001512,188.59
C001513,221.83
C001514,585.79
C001515,1422.14
C001516,771.85
C001517,6421.47
C001518,286.12
C001519,495.18
C001520,89.45
C001521,1481.7
C001522,443.48
C001523,107.95
C001524,1109.61
C001525,184.36
C001526,93.52
C001527,170.02
C001528,119.76
C001529,95.58
C001530,1615.83
C001531,1278.44
C001532,80.14
C001533,649.85
C001534,312.49
C001535,452.11
C001536,32.53
C001537,626.14
C001538,102.52
C001539,4942.45
C001540,869.59
C001541,268.97
C001542,2400.17
C001543,2160.11
C001544,192.5
C001545,395.73
C001546,34.51
C001547,388.55
C001548,329.16
C001549,1065.7
C001550,127.16
C001551,3478.37
C001552,781.26
C001553,317.48
C001554,1151.22
C001555,1110.33
C001556,1329.75
C001557,323.53
C001558,102.88
C001559,126.85
C001560,1565.09
C001561,433.37
C001562,547.87
C001563,2889.1
C001564,422.36
C001565,895.16
C001566,865.17
C001567,63.92
C001568,202.49
C001569,1394.26
C001570,69.18
C001571,37.7
C001572,173.36
C001573,534.62
C001574,76.25
C001575,354.81
C001576,49.82
C001577,1220.67
C001578,1744.12
C001579,1963.37
C001580,103.12
C001581,557.61
C001582,130.66
C001583,181.54
C001584,635.48
C001585,485.11
C001586,241.21
C001587,68.82
C001588,773.94
C001589,54.01
C001590,5284.52
C001591,457.87
C001592,1631.97
C001593,47.21
C001594,442.79
C001595,4896.88
C001596,417.99
C001597,1325.94
C001598,274.1
C001599,1227.48
C001600,1175.95
C001601,74.6
C001602,114.29
C001603,201.02
C001604,1369.3
C001605,796.53
C001606,611.6
C001607,691.59
C001608,410.81
C001609,63.61
C001610,1379.5
C001611,1178.59
C001612,397.02
C001613,1722.21
C001614,1173.75
C001615,377.79
C001616,71.04
C001617,1244.82
C001618,315.95
C001619,823.88
C001620,411.42
C001621,49.99
C001622,152.33
C001623,322.53
C001624,284.8
C001625,655.95
C001626,1264.13
C001627,888.46
C001628,262.27
C001629,5164.58
C001630,270.84
C001631,430.88
C001632,759.7
C001633,416.92
C001634,314.03
C001635,451.04
C001636,4626.93
C001637,345.64
C001638,147.27
C001639,1235.13
C001640,487.37
C001641,441.19
C001642,518.56
C001643,194.11
C001644,576.06
C001645,67.61
C001646,2550.15
C001647,214.78
C001648,906.8
C001649,277.55
C001650,410.26
C001651,345.18
C001652,57.62
C001653,810.21
C001654,230.34
C001655,429.22
C001656,626.82
C001657,905.83
C001658,157.78
C001659,183.83
C001660,2438.17
C001661,412.34
C001662,650.55
C001663,354.54
C001664,228.46
C001665,948.36
C001666,565.8
C001667,140.94
C001668,763.75
C001669,548.89
C001670,1415.28
C001671,592.19
C001672,1430.36
C001673,896.41
C001674,935.91
C001675,1219.86
C001676,189.77
C001677,794.21
C001678,68.51
C001679,1847.36
C001680,853.28
C001681,252.47
C001682,114.53
C001683,663.2
C001684,40.93
C001685,468.61
C001686,400.12
C001687,901.38
C001688,51.85
C001689,229.75
C001690,675.81
C001691,109.65
C001692,4069.31
C001693,139.3
C001694,750.43
C001695,377.46
C001696,75.01
C001697,323.89
C001698,2603.17
C001699,377.02
C001700,609.06
C001701,544.63
C001702,1043.1
C001703,805.16
C001704,178.28
C001705,306.44
C001706,1120.95
C001707,165.3
C001708,123.34
C001709,317.08
C001710,414.07
C001711,345.26
C001712,1041.88
C001713,606.12
C001714,668.05
C001715,921.35
C001716,171.76
C001717,885.0
C001718,642.88
C001719,1512.11
C001720,247.36
C001721,73.04
C001722,98.52
C001723,271.09
C001724,1164.28
C001725,763.17
C001726,339.07
C001727,504.36
C001728,1276.02
C001729,1106.36
C001730,221.74
C001731,377.46
C001732,124.72
C001733,137.01
C001734,346.94
C001735,491.07
C001736,177.72
C001737,1798.25
C001738,465.46
C001739,1824.98
C001740,1105.01
C001741,280.45
C001742,2105.2
C001743,164.9
C001744,510.26
C001745,56.5
C001746,758.17
C001747,2008.15
C001748,944.81
C001749,159.69
C001750,509.96
C001751,494.36
C001752,471.09
C001753,1055.78
C001754,323.1
C001755,259.67
C001756,276.39
C001757,668.61
C001758,75.88
C001759,570.38
C001760,365.29
C001761,1305.12
C001762,622.06
C001763,1281.0
C001764,121.31
C001765,395.09
C001766,685.79
C001767,571.44
C001768,4212.67
C001769,175.38
C001770,213.7
C001771,153.0
C001772,118.99
C001773,1689.66
C001774,643.43
C001775,492.86
C001776,145.81
C001777,408.02
C001778,306.47
C001779,87.02
C001780,282.3
C001781,818.34
C001782,16.09
C001783,1022.4
C001784,300.33
C001785,1068.41
C001786,349.27
C001787,547.07
C001788,112.83
C001789,106.27
C001790,801.86
C001791,1210.32
C001792,1268.06
C001793,440.02
C001794,461.46
C001795,461.27
C001796,503.76
C001797,745.09
C001798,276.13
C001799,942.29
C001800,1114.55
C001801,1415.2
C001802,679.93
C001803,417.66
C001804,379.59
C001805,350.38
C001806,1529.05
C001807,399.77
C001808,102.65
C001809,575.4
C001810,674.08
C001811,107.45
C001812,180.73
C001813,683.17
C001814,809.79
C001815,832.51
C001816,1466.1
C001817,1102.01
C001818,111.92
C001819,824.92
C001820,237.41
C001821,993.23
C001822,4527.22
C001823,224.65
C001824,2003.86
C001825,873.95
C001826,228.63
C001827,1298.44
C001828,97.58
C001829,568.18
C001830,1412.7
C001831,259.36
C001832,171.41
C001833,101.26
C001834,276.1
C001835,252.48
C001836,1540.72
C001837,1062.22
C001838,310.23
C001839,1050.96
C001840,1085.64
C001841,1239.86
C001842,179.97
C001843,197.3
C001844,255.75
C001845,409.2
C001846,815.52
C001847,985.62
C001848,1492.85
C001849,785.84
C001850,330.51
C001851,1304.11
C001852,1057.49
C001853,557.36
C001854,422.92
C001855,1033.43
C001856,207.2
C001857,201.31
C001858,114.81
C001859,593.18
C001860,121.65
C001861,3796.55
C001862,973.11
C001863,1028.88
C001864,72.07
C001865,535.01
C001866,673.77
C001867,1531.3
C001868,621.22
C001869,2096.63
C001870,542.84
C001871,1320.0
C001872,893.85
C001873,549.74
C001874,685.05
C001875,1568.03
C001876,171.71
C001877,532.52
C001878,311.14
C001879,357.28
C001880,1771.38
C001881,2169.94
C001882,2544.74
C001883,217.53
C001884,708.0
C001885,958.79
C001886,400.84
C001887,1048.65
C001888,308.21
C001889,347.47
C001890,1393.65
C001891,2185.82
C001892,1659.78
C001893,671.13
C001894,268.47
C001895,4055.42
C001896,687.92
C001897,93.5
C001898,2098.38
C001899,206.77
C001900,879.79
C001901,478.64
C001902,803.96
C001903,1362.94
C001904,1517.04
C001905,517.9
C001906,127.05
C001907,255.73
C001908,312.43
C001909,542.6
C001910,365.12
C001911,448.81
C001912,51.68
C001913,1126.92
C001914,438.87
C001915,508.13
C001916,506.64
C001917,4615.6
C001918,287.45
C001919,219.97
C001920,327.9
C001921,570.01
C001922,1887.93
C001923,167.16
C001924,291.76
C001925,381.93
C001926,122.69
C001927,104.46
C001928,98.44
C001929,237.16
C001930,890.72
C001931,414.87
C001932,1098.26
C001933,747.83
C001934,2177.14
C001935,678.61
C001936,254.06
C001937,355.92
C001938,458.15
C001939,403.41
C001940,344.96
C001941,610.89
C001942,422.83
C001943,152.11
C001944,199.1
C001945,158.72
C001946,717.51
C001947,85.8
C001948,3763.74
C001949,3288.49
C001950,116.23
C001951,685.88
C001952,1062.44
C001953,582.64
C001954,572.61
C001955,670.24
C001956,689.73
C001957,883.24
C001958,35.6
C001959,522.25
C001960,269.34
C001961,496.71
C001962,351.46
C001963,2462.94
C001964,146.99
C001965,680.21
C001966,501.28
C001967,615.08
C001968,430.09
C001969,700.61
C001970,313.35
C001971,41.94
C001972,360.4
C001973,1201.29
C001974,1143.36
C001975,242.56
C001976,227.1
C001977,1486.36
C001978,264.2
C001979,872.98
C001980,3500.05
C001981,376.13
C001982,1326.0
C001983,944.74
C001984,1067.26
C001985,3493.64
C001986,1150.12
C001987,960.14
C001988,277.14
C001989,305.27
C001990,333.75
C001991,236.47
C001992,271.26
C001993,3217.56
C001994,380.32
C001995,2028.42
C001996,61.2
C001997,904.13
C001998,80.03
C001999,49.2
C002000,440.32
C002001,78.09
C002002,529.12
C002003,403.4
C002004,125.12
C002005,3378.83
C002006,155.44
C002007,127.53
C002008,214.58
C002009,189.81
C002010,1104.33
C002011,378.36
C002012,151.16
C002013,1857.02
C002014,706.42
C002015,438.34
C002016,479.52
C002017,97.58
C002018,3602.77
C002019,112.16
C002020,588.85
C002021,37.57
C002022,404.57
C002023,4462.11
C002024,564.05
C002025,457.72
C002026,435.27
C002027,137.87
C002028,504.18
C002029,3391.89
C002030,549.7
C002031,548.82
C002032,2520.72
C002033,186.31
C002034,729.11
C002035,883.39
C002036,585.57
C002037,1168.56
C002038,74.34
C002039,2754.89
C002040,196.4
C002041,98.61
C002042,49.04
C002043,538.31
C002044,657.41
C002045,459.26
C002046,223.09
C002047,19.85
C002048,448.12
C002049,452.36
C002050,1386.68
C002051,542.62
C002052,953.9
C002053,3377.78
C002054,5018.16
C002055,436.89
C002056,72.63
C002057,378.23
C002058,1160.98
C002059,279.64
C002060,1391.11
C002061,1469.19
C002062,240.09
C002063,1482.5
C002064,385.54
C002065,252.95
C002066,314.85
C002067,210.83
C002068,258.39
C002069,75.97
C002070,713.34
C002071,914.68
C002072,318.69
C002073,577.33
C002074,197.99
C002075,277.76
C002076,5010.48
C002077,205.99
C002078,436.56
C002079,1301.73
C002080,846.96
C002081,428.16
C002082,474.78
C002083,268.96
C002084,502.58
C002085,1285.93
C002086,256.85
C002087,129.65
C002088,257.0
C002089,894.73
C002090,320.63
C002091,376.96
C002092,119.83
C002093,510.27
C002094,1775.18
C002095,820.36
C002096,419.81
C002097,546.96
C002098,2219.64
C002099,195.94
C002100,342.82
C002101,204.85
C002102,227.27
C002103,859.55
C002104,721.26
C002105,261.96
C002106,53.03
C002107,909.61
C002108,881.06
C002109,230.43
C002110,133.18
C002111,339.21
C002112,352.93
C002113,152.35
C002114,3630.91
C002115,31.64
C002116,212.65
C002117,78.96
C002118,277.44
C002119,311.15
C002120,627.02
C002121,548.53
C002122,181.35
C002123,1056.47
C002124,853.57
C002125,173.92
C002126,797.44
C002127,4250.98
C002128,205.79
C002129,1559.53
C002130,488.76
C002131,1374.13
C002132,1032.46
C002133,263.92
C002134,168.74
C002135,51.33
C002136,292.19
C002137,292.05
C002138,290.64
C002139,447.26
C002140,509.75
C002141,606.57
C002142,224.03
C002143,117.44
C002144,958.47
C002145,78.7
C002146,494.13
C002147,1122.8
C002148,465.15
C002149,892.34
C002150,2978.25
C002151,729.41
C002152,952.09
C002153,411.98
C002154,386.35
C002155,211.62
C002156,929.35
C002157,428.16
C002158,941.38
C002159,81.6
C002160,52.8
C002161,561.61
C002162,609.35
C002163,143.79
C002164,285.22
C002165,747.58
C002166,302.95
C002167,288.52
C002168,1383.17
C002169,376.5
C002170,183.83
C002171,177.6
C002172,2237.01
C002173,1966.73
C002174,279.8
C002175,376.01
C002176,516.47
C002177,384.05
C002178,358.43
C002179,513.95
C002180,426.1
C002181,1079.08
C002182,395.9
C002183,660.8
C002184,498.33
C002185,338.48
C002186,637.85
C002187,1157.66
C002188,269.02
C002189,404.77
C002190,566.21
C002191,104.9
C002192,277.23
C002193,1848.12
C002194,105.73
C002195,3209.59
C002196,290.24
C002197,1087.68
C002198,173.59
C002199,1388.15
C002200,2636.08
C002201,629.29
C002202,963.41
C002203,529.06
C002204,432.88
C002205,161.0
C002206,18.06
C002207,532.19
C002208,507.2
C002209,457.23
C002210,683.39
C002211,383.65
C002212,750.59
C002213,1287.37
C002214,2314.25
C002215,784.51
C002216,252.43
C002217,207.36
C002218,124.89
C002219,262.09
C002220,228.17
C002221,517.09
C002222,4760.42
C002223,123.55
C002224,823.34
C002225,471.17
C002226,932.83
C002227,149.81
C002228,1470.2
C002229,560.7
C002230,947.06
C002231,370.97
C002232,2764.63
C002233,516.97
C002234,100.13
C002235,3158.59
C002236,287.56
C002237,6506.11
C002238,518.08
C002239,221.98
C002240,107.91
C002241,32.23
C002242,35.05
C002243,443.54
C002244,262.07
C002245,2632.93
C002246,741.73
C002247,465.09
C002248,3163.56
C002249,118.24
C002250,151.16
C002251,373.95
C002252,287.87
C002253,185.43
C002254,1139.35
C002255,371.3
C002256,237.39
C002257,241.0
C002258,424.06
C002259,95.5
C002260,66.26
C002261,1132.87
C002262,1150.71
C002263,239.7
C002264,750.74
C002265,155.75
C002266,570.24
C002267,474.28
C002268,630.23
C002269,824.34
C002270,531.75
C002271,786.51
C002272,125.2
C002273,353.89
C002274,26.67
C002275,108.11
C002276,291.55
C002277,980.98
C002278,294.95
C002279,147.08
C002280,90.11
C002281,843.54
C002282,192.53
C002283,458.67
C002284,48.68
C002285,552.32
C002286,176.71
C002287,1220.33
C002288,232.18
C002289,214.48
C002290,354.74
C002291,196.18
C002292,354.08
C002293,455.27
C002294,957.68
C002295,100.64
C002296,303.24
C002297,635.66
C002298,638.95
C002299,266.8
C002300,1645.06
C002301,36.71
C002302,242.31
C002303,933.92
C002304,968.09
C002305,104.33
C002306,2157.23
C002307,279.35
C002308,1824.27
C002309,434.72
C002310,134.52
C002311,251.96
C002312,3466.21
C002313,323.22
C002314,490.22
C002315,3491.29
C002316,699.4
C002317,23.17
C002318,401.25
C002319,1518.79
C002320,670.34
C002321,294.99
C002322,87.84
C002323,1166.2
C002324,2070.01
C002325,415.04
C002326,60.37
C002327,310.34
C002328,542.68
C002329,32.12
C002330,181.57
C002331,1087.29
C002332,645.84
C002333,277.0
C002334,833.37
C002335,657.18
C002336,247.04
C002337,469.17
C002338,515.54
C002339,1917.02
C002340,64.6
C002341,4610.71
C002342,721.93
C002343,857.21
C002344,4784.73
C002345,1515.64
C002346,853.72
C002347,461.38
C002348,58.88
C002349,164.46
C002350,25.85
C002351,382.7
C002352,37.58
C002353,629.73
C002354,69.0
C002355,6048.32
C002356,1498.31
C002357,1274.83
C002358,414.97
C002359,2697.34
C002360,176.2
C002361,439.25
C002362,208.64
C002363,308.54
C002364,253.41
C002365,6288.71
C002366,243.99
C002367,302.6
C002368,319.48
C002369,32.36
C002370,301.8
C002371,137.32
C002372,506.11
C002373,668.76
C002374,285.84
C002375,4593.26
C002376,1276.58
C002377,904.94
C002378,505.09
C002379,447.9
C002380,254.46
C002381,332.84
C002382,1740.23
C002383,103.82
C002384,364.2
C002385,697.91
C002386,65.88
C002387,518.04
C002388,170.21
C002389,357.83
C002390,1893.83
C002391,737.96
C002392,422.24
C002393,463.3
C002394,34.11
C002395,796.33
C002396,1215.39
C002397,113.33
C002398,770.36
C002399,1790.24
C002400,151.53
C002401,770.29
C002402,162.28
C002403,419.63
C002404,5136.97
C002405,409.98
C002406,622.48
C002407,265.85
C002408,248.34
C002409,198.4
C002410,414.31
C002411,280.92
C002412,1167.77
C002413,125.28
C002414,750.01
C002415,5944.75
C002416,276.4
C002417,348.92
C002418,122.06
C002419,294.0
C002420,542.41
C002421,328.68
C002422,3801.24
C002423,1679.05
C002424,1308.02
C002425,150.06
C002426,279.0
C002427,986.35
C002428,229.71
C002429,390.64
C002430,66.86
C002431,382.97
C002432,3117.0
C002433,232.22
C002434,642.37
C002435,408.4
C002436,265.65
C002437,405.55
C002438,230.96
C002439,393.95
C002440,343.86
C002441,934.59
C002442,3771.71
C002443,539.24
C002444,858.7
C002445,47.39
C002446,218.17
C002447,680.24
C002448,753.76
C002449,238.71
C002450,444.79
C002451,679.77
C002452,762.88
C002453,617.31
C002454,502.58
C002455,368.73
C002456,272.4
C002457,422.9
C002458,151.33
C002459,344.82
C002460,1252.03
C002461,126.34
C002462,339.9
C002463,158.42
C002464,585.85
C002465,2474.83
C002466,207.1
C002467,551.45
C002468,340.47
C002469,1045.18
C002470,2237.27
C002471,370.57
C002472,92.0
C002473,447.08
C002474,202.87
C002475,94.16
C002476,137.93
C002477,469.77
C002478,2016.44
C002479,1095.48
C002480,198.81
C002481,164.72
C002482,578.81
C002483,1842.96
C002484,4477.39
C002485,129.54
C002486,560.51
C002487,346.24
C002488,309.82
C002489,2935.13
C002490,129.99
C002491,216.07
C002492,385.25
C002493,1828.81
C002494,368.02
C002495,851.37
C002496,160.42
C002497,177.26
C002498,960.31
C002499,420.78
C002500,5860.65
C002501,2080.25
C002502,82.26
C002503,1672.85
C002504,277.8
C002505,2812.05
C002506,2066.42
C002507,313.2
C002508,462.52
C002509,781.34
C002510,276.6
C002511,296.34
C002512,206.35
C002513,1068.72
C002514,70.47
C002515,128.95
C002516,201.65
C002517,438.82
C002518,909.96
C002519,867.34
C002520,842.53
C002521,1125.93
C002522,24.39
C002523,314.79
C002524,109.92
C002525,486.17
C002526,73.13
C002527,299.45
C002528,132.9
C002529,3202.77
C002530,430.01
C002531,236.68
C002532,180.82
C002533,23.5
C002534,254.55
C002535,20.37
C002536,30.54
C002537,1118.15
C002538,282.49
C002539,384.66
C002540,363.02
C002541,730.33
C002542,132.31
C002543,330.18
C002544,127.52
C002545,1118.04
C002546,196.46
C002547,476.51
C002548,101.47
C002549,250.44
C002550,540.55
C002551,360.6
C002552,429.13
C002553,219.97
C002554,400.21
C002555,74.09
C002556,263.58
C002557,3756.24
C002558,3882.25
C002559,251.31
C002560,1592.95
C002561,97.16
C002562,1392.75
C002563,836.39
C002564,917.72
C002565,911.98
C002566,395.67
C002567,236.04
C002568,368.16
C002569,285.35
C002570,870.01
C002571,24.06
C002572,278.43
C002573,180.98
C002574,401.01
C002575,488.33
C002576,322.29
C002577,411.79
C002578,1745.22
C002579,833.19
C002580,715.83
C002581,420.91
C002582,4689.87
C002583,115.36
C002584,371.6
C002585,516.93
C002586,446.76
C002587,308.51
C002588,726.57
C002589,612.47
C002590,118.82
C002591,1443.6
C002592,496.76
C002593,1577.72
C002594,1795.75
C002595,174.72
C002596,318.7
C002597,2210.82
C002598,591.22
C002599,276.26
C002600,272.12
C002601,199.11
C002602,505.13
C002603,456.68
C002604,1514.89
C002605,1298.29
C002606,509.69
C002607,401.62
C002608,1474.98
C002609,171.28
C002610,486.49
C002611,1467.76
C002612,4341.88
C002613,1262.44
C002614,250.01
C002615,518.95
C002616,485.1
C002617,2588.55
C002618,463.54
C002619,1189.98
C002620,1637.6
C002621,406.16
C002622,347.46
C002623,456.75
C002624,44.34
C002625,936.52
C002626,2027.2
C002627,104.09
C002628,175.3
C002629,543.25
C002630,1555.66
C002631,752.02
C002632,1960.0
C002633,283.77
C002634,179.62
C002635,1436.49
C002636,564.58
C002637,30.82
C002638,1220.94
C002639,317.1
C002640,2886.24
C002641,955.49
C002642,315.58
C002643,246.51
C002644,700.34
C002645,274.94
C002646,60.03
C002647,1104.84
C002648,1206.72
C002649,560.53
C002650,86.63
C002651,790.92
C002652,1873.08
C002653,1564.89
C002654,115.58
C002655,20.46
C002656,480.89
C002657,738.14
C002658,968.17
C002659,85.88
C002660,674.4
C002661,522.4
C002662,293.75
C002663,630.08
C002664,152.11
C002665,169.26
C002666,219.28
C002667,553.51
C002668,1559.91
C002669,98.13
C002670,171.45
C002671,759.1
C002672,1495.97
C002673,88.56
C002674,724.41
C002675,1014.31
C002676,193.64
C002677,1063.23
C002678,222.11
C002679,2100.1
C002680,4222.7
C002681,240.59
C002682,1096.0
C002683,248.2
C002684,590.07
C002685,1022.71
C002686,193.45
C002687,423.38
C002688,299.98
C002689,662.7
C002690,458.26
C002691,734.73
C002692,3552.61
C002693,1703.68
C002694,133.64
C002695,795.71
C002696,1367.42
C002697,365.0
C002698,132.25
C002699,39.93
C002700,299.7
C002701,519.8
C002702,772.43
C002703,369.64
C002704,650.7
C002705,21.85
C002706,916.61
C002707,530.95
C002708,35.06
C002709,89.27
C002710,753.61
C002711,813.34
C002712,294.49
C002713,794.34
C002714,172.28
C002715,71.99
C002716,447.37
C002717,1680.87
C002718,2284.02
C002719,23.34
C002720,243.82
C002721,375.85
C002722,420.77
C002723,518.3
C002724,2390.78
C002725,717.49
C002726,641.62
C002727,1159.09
C002728,532.34
C002729,846.25
C002730,3284.9
C002731,1111.61
C002732,887.26
C002733,443.64
C002734,664.66
C002735,1102.98
C002736,4294.13
C002737,70.86
C002738,3054.62
C002739,104.71
C002740,93.14
C002741,575.47
C002742,2448.66
C002743,608.73
C002744,323.63
C002745,391.62
C002746,1537.21
C002747,945.57
C002748,378.62
C002749,896.26
C002750,357.89
C002751,33.92
C002752,226.36
C002753,291.03
C002754,1415.85
C002755,3399.81
C002756,587.28
C002757,1795.32
C002758,476.79
C002759,1716.25
C002760,389.97
C002761,382.29
C002762,201.95
C002763,553.88
C002764,180.57
C002765,997.12
C002766,282.32
C002767,213.77
C002768,666.46
C002769,844.31
C002770,1605.57
C002771,836.72
C002772,530.85
C002773,162.22
C002774,161.17
C002775,1771.01
C002776,964.45
C002777,1785.91
C002778,749.03
C002779,5458.77
C002780,846.16
C002781,5016.76
C002782,4909.34
C002783,230.8
C002784,298.56
C002785,660.56
C002786,342.71
C002787,158.5
C002788,350.12
C002789,123.09
C002790,1458.4
C002791,2279.66
C002792,137.53
C002793,81.07
C002794,68.81
C002795,1514.26
C002796,216.09
C002797,164.45
C002798,1082.19
C002799,495.97
C002800,801.72
C002801,1319.11
C002802,2368.03
C002803,77.01
C002804,338.78
C002805,770.49
C002806,263.0
C002807,406.03
C002808,785.73
C002809,236.12
C002810,171.21
C002811,434.7
C002812,1257.28
C002813,358.67
C002814,235.5
C002815,506.74
C002816,2964.02
C002817,464.72
C002818,401.3
C002819,303.04
C002820,451.84
C002821,614.93
C002822,349.62
C002823,94.4
C002824,389.59
C002825,991.57
C002826,1554.62
C002827,4729.3
C002828,309.79
C002829,667.3
C002830,5712.75
C002831,288.85
C002832,334.96
C002833,2029.63
C002834,353.94
C002835,3716.21
C002836,3161.5
C002837,358.29
C002838,502.62
C002839,1050.27
C002840,1615.33
C002841,185.05
C002842,320.91
C002843,211.61
C002844,393.07
C002845,229.42
C002846,709.97
C002847,527.25
C002848,441.97
C002849,678.39
C002850,3696.33
C002851,65.21
C002852,876.08
C002853,977.58
C002854,495.55
C002855,173.25
C002856,941.65
C002857,3731.5
C002858,1336.52
C002859,1374.08
C002860,75.2
C002861,1502.57
C002862,3197.42
C002863,258.34
C002864,365.24
C002865,2886.4
C002866,340.7
C002867,435.59
C002868,336.08
C002869,115.68
C002870,1715.93
C002871,1004.08
C002872,965.89
C002873,304.58
C002874,500.24
C002875,4670.85
C002876,1559.18
C002877,1592.6
C002878,368.95
C002879,1571.44
C002880,101.85
C002881,542.85
C002882,96.95
C002883,195.58
C002884,1801.69
C002885,59.85
C002886,6735.16
C002887,484.81
C002888,1229.13
C002889,547.25
C002890,215.71
C002891,553.25
C002892,881.11
C002893,993.96
C002894,227.55
C002895,191.16
C002896,866.91
C002897,461.07
C002898,1016.94
C002899,495.36
C002900,326.43
C002901,29.92
C002902,671.54
C002903,252.7
C002904,151.21
C002905,549.17
C002906,1213.0
C002907,1996.42
C002908,489.27
C002909,136.63
C002910,439.77
C002911,407.02
C002912,446.73
C002913,810.97
C002914,95.17
C002915,652.94
C002916,1130.59
C002917,220.58
C002918,342.57
C002919,1136.3
C002920,337.45
C002921,495.26
C002922,234.54
C002923,1439.7
C002924,770.77
C002925,399.94
C002926,2190.18
C002927,450.68
C002928,281.24
C002929,311.12
C002930,1912.16
C002931,433.22
C002932,346.84
C002933,282.25
C002934,1841.41
C002935,338.86
C002936,339.55
C002937,625.11
C002938,218.66
C002939,354.6
C002940,66.37
C002941,210.5
C002942,474.43
C002943,699.97
C002944,1738.73
C002945,193.18
C002946,198.05
C002947,426.2
C002948,283.08
C002949,795.68
C002950,537.16
C002951,369.89
C002952,182.57
C002953,1024.64
C002954,251.94
C002955,444.22
C002956,537.62
C002957,527.03
C002958,540.47
C002959,263.76
C002960,191.56
C002961,321.25
C002962,319.93
C002963,195.49
C002964,411.29
C002965,197.9
C002966,511.29
C002967,681.35
C002968,467.43
C002969,148.2
C002970,2229.78
C002971,1106.28
C002972,724.72
C002973,172.83
C002974,144.81
C002975,229.81
C002976,833.56
C002977,553.05
C002978,290.15
C002979,779.34
C002980,174.48
C002981,739.58
C002982,396.55
C002983,2093.21
C002984,348.95
C002985,163.45
C002986,209.3
C002987,1583.87
C002988,33.84
C002989,222.04
C002990,295.3
C002991,1060.72
C002992,338.83
C002993,363.33
C002994,1657.35
C002995,407.51
C002996,3873.53
C002997,773.0
C002998,80.78
C002999,255.92
C003000,347.09
C003001,99.07
C003002,284.95
C003003,266.54
C003004,1441.85
C003005,492.03
C003006,237.21
C003007,1475.77
C003008,341.98
C003009,6404.67
C003010,459.26
C003011,403.75
C003012,113.79
C003013,643.12
C003014,1857.57
C003015,205.11
C003016,313.27
C003017,3383.95
C003018,760.88
C003019,82.18
C003020,250.63
C003021,691.52
C003022,854.35
C003023,79.85
C003024,323.73
C003025,425.52
C003026,1387.88
C003027,272.51
C003028,748.7
C003029,355.73
C003030,347.31
C003031,294.1
C003032,579.18
C003033,445.75
C003034,121.31
C003035,520.6
C003036,2415.23
C003037,247.9
C003038,663.34
C003039,3483.18
C003040,56.57
C003041,171.59
C003042,384.42
C003043,701.51
C003044,935.09
C003045,543.08
C003046,178.28
C003047,719.1
C003048,54.46
C003049,824.73
C003050,975.47
C003051,180.69
C003052,559.86
C003053,1977.36
C003054,1010.02
C003055,743.18
C003056,265.97
C003057,512.19
C003058,1475.63
C003059,423.6
C003060,879.53
C003061,330.09
C003062,330.23
C003063,1477.39
C003064,591.39
C003065,116.95
C003066,84.56
C003067,1997.4
C003068,308.31
C003069,2742.1
C003070,1312.83
C003071,268.82
C003072,188.25
C003073,266.32
C003074,221.33
C003075,48.37
C003076,761.77
C003077,1041.7
C003078,2113.93
C003079,91.18
C003080,673.33
C003081,1008.39
C003082,95.13
C003083,2158.87
C003084,351.86
C003085,194.64
C003086,353.32
C003087,854.6
C003088,41.65
C003089,558.03
C003090,5745.96
C003091,400.68
C003092,1347.49
C003093,1727.72
C003094,64.74
C003095,294.73
C003096,614.94
C003097,550.55
C003098,198.52
C003099,402.67
C003100,277.52
C003101,962.02
C003102,410.04
C003103,313.29
C003104,271.06
C003105,996.82
C003106,342.96
C003107,1971.79
C003108,604.47
C003109,1055.53
C003110,1418.98
C003111,562.47
C003112,636.86
C003113,558.9
C003114,933.39
C003115,799.53
C003116,530.62
C003117,834.49
C003118,278.19
C003119,604.02
C003120,532.88
C003121,907.81
C003122,226.32
C003123,1764.21
C003124,1918.4
C003125,667.96
C003126,123.61
C003127,86.16
C003128,1467.95
C003129,370.51
C003130,290.82
C003131,356.35
C003132,4927.99
C003133,1041.22
C003134,55.29
C003135,225.25
C003136,436.86
C003137,1820.28
C003138,696.04
C003139,2329.75
C003140,195.94
C003141,5945.24
C003142,435.23
C003143,201.87
C003144,788.17
C003145,92.96
C003146,397.13
C003147,251.86
C003148,1594.99
C003149,3623.62
C003150,3112.93
C003151,1269.02
C003152,839.71
C003153,297.73
C003154,306.17
C003155,447.49
C003156,2685.35
C003157,1132.15
C003158,642.41
C003159,881.54
C003160,298.38
C003161,772.34
C003162,857.0
C003163,1059.31
C003164,212.56
C003165,555.33
C003166,854.61
C003167,181.94
C003168,2327.13
C003169,1409.46
C003170,348.16
C003171,704.68
C003172,782.06
C003173,53.47
C003174,154.22
C003175,342.49
C003176,521.58
C003177,1483.28
C003178,456.85
C003179,1018.95
C003180,966.91
C003181,5990.7
C003182,242.49
C003183,56.27
C003184,280.99
C003185,148.0
C003186,501.85
C003187,717.35
C003188,1421.55
C003189,591.24
C003190,2510.59
C003191,828.78
C003192,412.43
C003193,366.95
C003194,1152.61
C003195,1021.13
C003196,852.84
C003197,147.32
C003198,136.17
C003199,390.16
C003200,757.57
C003201,148.89
C003202,650.75
C003203,2528.81
C003204,1634.1
C003205,1222.67
C003206,81.92
C003207,119.77
C003208,1130.52
C003209,308.09
C003210,302.48
C003211,1753.13
C003212,854.19
C003213,254.28
C003214,40.86
C003215,453.53
C003216,47.6
C003217,162.27
C003218,3024.14
C003219,77.44
C003220,2342.62
C003221,225.03
C003222,579.18
C003223,1203.96
C003224,899.98
C003225,384.74
C003226,208.01
C003227,1255.55
C003228,829.72
C003229,244.62
C003230,2884.67
C003231,20.05
C003232,391.5
C003233,335.1
C003234,713.52
C003235,200.04
C003236,511.84
C003237,285.25
C003238,185.31
C003239,172.04
C003240,386.08
C003241,886.33
C003242,256.25
C003243,99.8
C003244,611.96
C003245,112.91
C003246,431.09
C003247,3036.64
C003248,302.16
C003249,100.44
C003250,634.2
C003251,582.16
C003252,182.56
C003253,367.16
C003254,360.32
C003255,3454.61
C003256,162.07
C003257,253.82
C003258,3867.26
C003259,1204.44
C003260,194.44
C003261,714.73
C003262,478.17
C003263,41.96
C003264,64.04
C003265,828.99
C003266,1427.77
C003267,1827.5
C003268,1278.01
C003269,263.09
C003270,2960.41
C003271,403.05
C003272,617.03
C003273,109.29
C003274,216.21
C003275,190.37
C003276,1073.4
C003277,281.51
C003278,337.03
C003279,635.45
C003280,861.86
C003281,365.47
C003282,383.82
C003283,284.46
C003284,859.53
C003285,1932.51
C003286,65.42
C003287,807.28
C003288,1886.65
C003289,536.58
C003290,2149.07
C003291,4053.64
C003292,815.5
C003293,1016.15
C003294,392.94
C003295,524.38
C003296,194.74
C003297,378.7
C003298,258.2
C003299,145.18
C003300,1023.13
C003301,1846.13
C003302,551.35
C003303,547.79
C003304,108.53
C003305,460.29
C003306,340.97
C003307,106.83
C003308,50.34
C003309,363.47
C003310,310.76
C003311,376.6
C003312,445.04
C003313,633.42
C003314,725.66
C003315,122.44
C003316,425.77
C003317,51.6
C003318,4239.99
C003319,715.07
C003320,1144.82
C003321,1545.94
C003322,391.41
C003323,650.28
C003324,1625.12
C003325,186.2
C003326,580.64
C003327,168.19
C003328,314.52
C003329,927.43
C003330,3999.83
C003331,1349.12
C003332,524.23
C003333,328.2
C003334,628.94
C003335,962.56
C003336,745.01
C003337,4193.15
C003338,374.84
C003339,110.25
C003340,444.47
C003341,65.0
C003342,657.98
C003343,924.04
C003344,91.15
C003345,208.09
C003346,233.6
C003347,726.44
C003348,364.21
C003349,52.86
C003350,807.8
C003351,261.93
C003352,53.96
C003353,2082.0
C003354,431.34
C003355,517.49
C003356,692.99
C003357,78.63
C003358,306.72
C003359,511.0
C003360,91.67
C003361,110.47
C003362,305.59
C003363,265.96
C003364,212.26
C003365,491.95
C003366,43.08
C003367,72.31
C003368,1008.07
C003369,323.07
C003370,930.91
C003371,440.59
C003372,224.72
C003373,154.58
C003374,185.0
C003375,149.08
C003376,624.57
C003377,244.86
C003378,438.79
C003379,193.0
C003380,763.58
C003381,366.29
C003382,331.68
C003383,758.89
C003384,442.97
C003385,878.48
C003386,1330.49
C003387,66.44
C003388,1942.28
C003389,65.91
C003390,2378.97
C003391,354.08
C003392,416.83
C003393,95.63
C003394,565.86
C003395,1259.65
C003396,389.69
C003397,92.06
C003398,1766.8
C003399,114.97
C003400,669.37
C003401,374.33
C003402,368.25
C003403,154.01
C003404,894.46
C003405,477.86
C003406,283.4
C003407,660.75
C003408,354.6
C003409,183.07
C003410,607.25
C003411,61.15
C003412,192.53
C003413,810.19
C003414,567.56
C003415,668.94
C003416,821.57
C003417,713.52
C003418,358.32
C003419,223.78
C003420,226.4
C003421,1043.96
C003422,646.31
C003423,877.13
C003424,77.47
C003425,345.67
C003426,125.33
C003427,504.22
C003428,1961.59
C003429,178.68
C003430,2394.22
C003431,47.36
C003432,681.4
C003433,620.8
C003434,305.66
C003435,333.34
C003436,879.29
C003437,1514.68
C003438,218.7
C003439,186.33
C003440,2264.37
C003441,355.47
C003442,258.19
C003443,453.77
C003444,808.11
C003445,1540.78
C003446,165.12
C003447,213.3
C003448,140.96
C003449,477.7
C003450,255.24
C003451,1768.19
C003452,206.67
C003453,627.94
C003454,346.71
C003455,2887.38
C003456,323.01
C003457,297.1
C003458,925.61
C003459,79.02
C003460,68.14
C003461,2372.61
C003462,559.76
C003463,1820.36
C003464,137.96
C003465,642.96
C003466,573.34
C003467,137.29
C003468,898.75
C003469,3245.77
C003470,473.07
C003471,78.59
C003472,269.41
C003473,273.14
C003474,608.86
C003475,850.95
C003476,420.73
C003477,1207.35
C003478,1786.25
C003479,311.99
C003480,2467.0
C003481,4539.73
C003482,1502.03
C003483,465.83
C003484,529.96
C003485,897.95
C003486,223.5
C003487,563.87
C003488,185.47
C003489,158.92
C003490,488.84
C003491,202.8
C003492,2209.3
C003493,920.35
C003494,5135.27
C003495,643.32
C003496,1793.24
C003497,181.82
C003498,134.42
C003499,291.64
C003500,466.8
C003501,98.75
C003502,298.7
C003503,446.25
C003504,585.0
C003505,373.4
C003506,98.87
C003507,114.2
C003508,100.6
C003509,20.39
C003510,25.62
C003511,1323.11
C003512,1883.86
C003513,1892.29
C003514,1291.54
C003515,509.01
C003516,297.59
C003517,528.22
C003518,1914.31
C003519,810.26
C003520,418.38
C003521,101.3
C003522,644.57
C003523,670.24
C003524,260.14
C003525,110.44
C003526,397.45
C003527,708.16
C003528,460.93
C003529,1193.73
C003530,579.79
C003531,940.29
C003532,1060.81
C003533,851.17
C003534,217.13
C003535,232.63
C003536,6454.18
C003537,101.75
C003538,96.0
C003539,1338.74
C003540,557.65
C003541,221.87
C003542,378.11
C003543,211.29
C003544,70.08
C003545,264.3
C003546,67.05
C003547,34.28
C003548,46.15
C003549,442.82
C003550,135.45
C003551,184.56
C003552,1513.67
C003553,25.94
C003554,853.3
C003555,473.15
C003556,249.82
C003557,88.07
C003558,1514.03
C003559,1374.33
C003560,385.75
C003561,1105.13
C003562,243.05
C003563,562.14
C003564,874.78
C003565,378.87
C003566,177.26
C003567,5215.93
C003568,1209.03
C003569,210.67
C003570,725.26
C003571,1093.61
C003572,1855.59
C003573,73.95
C003574,370.56
C003575,624.49
C003576,317.25
C003577,553.01
C003578,72.22
C003579,68.11
C003580,267.42
C003581,419.33
C003582,139.33
C003583,630.49
C003584,41.29
C003585,615.33
C003586,360.31
C003587,197.45
C003588,502.42
C003589,1008.75
C003590,50.17
C003591,610.69
C003592,1327.82
C003593,92.77
C003594,211.21
C003595,176.01
C003596,492.18
C003597,35.97
C003598,317.37
C003599,260.96
C003600,1499.49
C003601,388.17
C003602,382.97
C003603,354.28
C003604,4382.26
C003605,123.11
C003606,299.56
C003607,1143.2
C003608,197.2
C003609,158.04
C003610,519.54
C003611,79.2
C003612,1427.72
C003613,532.3
C003614,1016.81
C003615,4318.79
C003616,54.88
C003617,442.58
C003618,242.34
C003619,471.62
C003620,274.22
C003621,455.47
C003622,190.39
C003623,567.97
C003624,855.12
C003625,394.97
C003626,224.53
C003627,284.32
C003628,4201.08
C003629,367.67
C003630,481.8
C003631,1577.79
C003632,172.46
C003633,2270.16
C003634,1432.05
C003635,122.23
C003636,3234.15
C003637,990.18
C003638,537.64
C003639,293.34
C003640,768.85
C003641,312.86
C003642,123.24
C003643,446.18
C003644,2380.61
C003645,527.32
C003646,965.8
C003647,256.54
C003648,366.25
C003649,1686.93
C003650,314.88
C003651,447.37
C003652,61.84
C003653,205.08
C003654,1484.86
C003655,508.54
C003656,177.27
C003657,262.35
C003658,564.74
C003659,1429.54
C003660,905.96
C003661,645.42
C003662,839.32
C003663,973.72
C003664,2299.81
C003665,462.81
C003666,365.21
C003667,575.47
C003668,469.02
C003669,2144.62
C003670,961.17
C003671,104.89
C003672,918.71
C003673,101.12
C003674,568.41
C003675,245.71
C003676,1433.12
C003677,518.66
C003678,437.38
C003679,1416.08
C003680,49.18
C003681,226.31
C003682,4116.89
C003683,2078.36
C003684,177.88
C003685,322.71
C003686,611.28
C003687,256.61
C003688,1162.56
C003689,549.94
C003690,462.53
C003691,200.15
C003692,163.25
C003693,336.92
C003694,305.39
C003695,1860.68
C003696,361.0
C003697,213.55
C003698,796.59
C003699,30.17
C003700,368.55
C003701,426.5
C003702,1046.84
C003703,645.5
C003704,119.46
C003705,41.41
C003706,1076.76
C003707,552.5
C003708,1362.49
C003709,250.0
C003710,636.57
C003711,419.87
C003712,519.62
C003713,1780.61
C003714,3032.54
C003715,434.01
C003716,206.27
C003717,345.91
C003718,519.98
C003719,1016.78
C003720,1260.74
C003721,38.93
C003722,120.66
C003723,200.72
C003724,363.08
C003725,3481.47
C003726,700.47
C003727,191.32
C003728,430.28
C003729,1654.86
C003730,88.35
C003731,327.66
C003732,663.25
C003733,632.93
C003734,364.37
C003735,201.88
C003736,2117.29
C003737,1581.29
C003738,5469.31
C003739,34.4
C003740,164.52
C003741,640.29
C003742,1223.94
C003743,314.85
C003744,441.51
C003745,392.23
C003746,256.76
C003747,761.6
C003748,514.83
C003749,379.63
C003750,1007.35
C003751,600.84
C003752,1163.65
C003753,198.38
C003754,137.44
C003755,836.5
C003756,186.36
C003757,108.47
C003758,602.64
C003759,1537.19
C003760,2515.79
C003761,1710.97
C003762,1094.87
C003763,108.01
C003764,115.72
C003765,122.35
C003766,295.26
C003767,504.38
C003768,101.08
C003769,26.17
C003770,453.42
C003771,577.03
C003772,381.7
C003773,78.91
C003774,132.9
C003775,2986.68
C003776,269.01
C003777,1500.88
C003778,868.27
C003779,186.17
C003780,211.69
C003781,778.24
C003782,379.58
C003783,511.45
C003784,36.14
C003785,440.28
C003786,321.41
C003787,1269.44
C003788,198.11
C003789,198.74
C003790,3944.23
C003791,318.49
C003792,3960.23
C003793,239.49
C003794,259.98
C003795,205.83
C003796,189.99
C003797,521.78
C003798,728.64
C003799,368.29
C003800,1093.32
C003801,553.61
C003802,394.41
C003803,262.66
C003804,281.12
C003805,427.05
C003806,385.47
C003807,1151.16
C003808,237.39
C003809,389.65
C003810,1509.71
C003811,401.06
C003812,965.46
C003813,686.22
C003814,365.19
C003815,131.85
C003816,588.07
C003817,252.65
C003818,329.16
C003819,444.03
C003820,270.96
C003821,438.68
C003822,164.82
C003823,285.28
C003824,402.73
C003825,100.79
C003826,959.01
C003827,100.14
C003828,105.91
C003829,640.32
C003830,2524.05
C003831,300.02
C003832,161.8
C003833,121.28
C003834,429.53
C003835,1616.7
C003836,389.92
C003837,5567.08
C003838,3721.26
C003839,3962.16
C003840,487.42
C003841,315.08
C003842,356.64
C003843,876.77
C003844,291.88
C003845,1064.93
C003846,113.06
C003847,650.44
C003848,732.12
C003849,549.44
C003850,830.81
C003851,291.19
C003852,646.12
C003853,110.17
C003854,647.2
C003855,198.23
C003856,4506.95
C003857,181.11
C003858,465.84
C003859,429.99
C003860,813.8
C003861,789.25
C003862,83.99
C003863,410.65
C003864,104.66
C003865,1958.93
C003866,264.83
C003867,18.28
C003868,777.61
C003869,2542.01
C003870,180.72
C003871,1647.79
C003872,234.46
C003873,340.33
C003874,92.67
C003875,269.97
C003876,1244.99
C003877,5610.31
C003878,689.56
C003879,112.14
C003880,460.85
C003881,4202.15
C003882,3572.17
C003883,690.48
C003884,922.2
C003885,1055.05
C003886,392.65
C003887,370.56
C003888,428.48
C003889,319.16
C003890,293.72
C003891,1992.12
C003892,534.16
C003893,727.07
C003894,229.2
C003895,491.42
C003896,1589.7
C003897,101.28
C003898,1145.72
C003899,370.2
C003900,383.37
C003901,267.67
C003902,376.02
C003903,827.37
C003904,1973.35
C003905,749.87
C003906,1052.08
C003907,863.26
C003908,230.71
C003909,625.32
C003910,57.73
C003911,357.92
C003912,784.27
C003913,1259.25
C003914,11.49
C003915,395.87
C003916,456.53
C003917,516.74
C003918,81.72
C003919,2046.59
C003920,776.54
C003921,2561.76
C003922,389.83
C003923,510.86
C003924,342.78
C003925,741.84
C003926,874.25
C003927,903.33
C003928,32.53
C003929,344.26
C003930,242.93
C003931,563.11
C003932,196.7
C003933,326.31
C003934,1514.67
C003935,162.26
C003936,155.57
C003937,7023.73
C003938,1141.42
C003939,1405.82
C003940,399.26
C003941,543.59
C003942,2612.11
C003943,648.62
C003944,231.71
C003945,110.41
C003946,541.57
C003947,1139.48
C003948,1019.3
C003949,1055.8
C003950,267.52
C003951,201.54
C003952,396.43
C003953,640.86
C003954,3293.36
C003955,519.19
C003956,1042.02
C003957,399.38
C003958,1492.22
C003959,347.51
C003960,257.14
C003961,763.43
C003962,122.08
C003963,2103.46
C003964,33.48
C003965,291.51
C003966,742.75
C003967,3064.45
C003968,99.69
C003969,306.29
C003970,4379.98
C003971,338.87
C003972,1074.66
C003973,269.82
C003974,1070.55
C003975,2255.26
C003976,90.31
C003977,399.53
C003978,79.02
C003979,1219.36
C003980,1894.43
C003981,424.6
C003982,432.36
C003983,190.77
C003984,471.44
C003985,241.37
C003986,523.66
C003987,1847.97
C003988,5315.68
C003989,888.11
C003990,150.83
C003991,1133.57
C003992,269.39
C003993,538.04
C003994,1071.25
C003995,549.47
C003996,792.24
C003997,77.76
C003998,172.02
C003999,246.13
C004000,1303.48
C004001,93.41
C004002,345.73
C004003,616.05
C004004,572.64
C004005,266.52
C004006,526.93
C004007,214.17
C004008,116.85
C004009,699.96
C004010,577.81
C004011,229.91
C004012,1204.58
C004013,190.61
C004014,987.56
C004015,1179.6
C004016,253.83
C004017,607.24
C004018,184.51
C004019,398.79
C004020,381.74
C004021,1258.38
C004022,172.92
C004023,1093.71
C004024,432.67
C004025,206.43
C004026,723.79
C004027,1138.27
C004028,407.75
C004029,32.26
C004030,181.77
C004031,3067.16
C004032,657.34
C004033,112.16
C004034,1927.5
C004035,322.36
C004036,210.3
C004037,432.67
C004038,512.95
C004039,302.66
C004040,1039.36
C004041,116.7
C004042,920.98
C004043,1439.42
C004044,181.07
C004045,592.22
C004046,118.91
C004047,692.44
C004048,337.84
C004049,2386.31
C004050,869.3
C004051,35.46
C004052,1607.92
C004053,391.44
C004054,429.91
C004055,333.41
C004056,578.02
C004057,433.7
C004058,307.42
C004059,92.08
C004060,316.24
C004061,1352.66
C004062,265.55
C004063,836.36
C004064,684.44
C004065,214.53
C004066,222.23
C004067,753.48
C004068,307.49
C004069,229.98
C004070,370.08
C004071,334.39
C004072,282.68
C004073,2106.84
C004074,1006.77
C004075,928.67
C004076,199.32
C004077,375.2
C004078,1065.89
C004079,390.91
C004080,532.03
C004081,573.55
C004082,1745.13
C004083,5138.25
C004084,272.28
C004085,164.98
C004086,3318.65
C004087,287.88
C004088,523.42
C004089,110.79
C004090,513.68
C004091,191.38
C004092,561.0
C004093,398.95
C004094,41.08
C004095,645.19
C004096,513.79
C004097,259.74
C004098,2485.81
C004099,120.87
C004100,592.12
C004101,140.75
C004102,298.37
C004103,193.94
C004104,390.61
C004105,67.31
C004106,2616.64
C004107,425.44
C004108,694.3
C004109,1072.12
C004110,520.72
C004111,305.99
C004112,216.44
C004113,160.29
C004114,442.03
C004115,355.17
C004116,267.95
C004117,371.73
C004118,309.53
C004119,417.06
C004120,124.81
C004121,237.32
C004122,444.4
C004123,520.87
C004124,127.02
C004125,74.34
C004126,427.24
C004127,176.02
C004128,749.43
C004129,957.79
C004130,205.79
C004131,961.59
C004132,266.1
C004133,703.77
C004134,764.34
C004135,1127.82
C004136,602.6
C004137,84.64
C004138,163.62
C004139,913.47
C004140,466.84
C004141,64.79
C004142,1062.9
C004143,470.94
C004144,348.93
C004145,52.56
C004146,383.92
C004147,1016.02
C004148,675.9
C004149,557.9
C004150,408.89
C004151,422.46
C004152,474.08
C004153,705.9
C004154,437.46
C004155,872.68
C004156,305.09
C004157,55.35
C004158,158.27
C004159,1846.81
C004160,323.04
C004161,2069.56
C004162,343.48
C004163,558.67
C004164,179.35
C004165,4315.23
C004166,386.76
C004167,607.35
C004168,546.77
C004169,373.93
C004170,68.89
C004171,470.1
C004172,540.43
C004173,133.12
C004174,304.28
C004175,832.54
C004176,301.51
C004177,2209.37
C004178,1160.15
C004179,1048.98
C004180,375.27
C004181,655.57
C004182,379.11
C004183,540.59
C004184,28.02
C004185,70.68
C004186,1374.41
C004187,437.07
C004188,1337.56
C004189,384.23
C004190,302.94
C004191,631.98
C004192,479.23
C004193,786.42
C004194,406.92
C004195,238.12
C004196,193.02
C004197,129.25
C004198,999.7
C004199,271.56
C004200,296.62
C004201,939.15
C004202,196.43
C004203,2325.91
C004204,431.9
C004205,130.32
C004206,382.01
C004207,203.78
C004208,274.0
C004209,851.8
C004210,120.41
C004211,1418.25
C004212,359.72
C004213,445.95
C004214,448.25
C004215,363.33
C004216,58.55
C004217,692.14
C004218,493.95
C004219,1051.04
C004220,576.56
C004221,780.81
C004222,446.66
C004223,681.33
C004224,55.16
C004225,384.22
C004226,279.01
C004227,121.96
C004228,538.74
C004229,132.93
C004230,3398.97
C004231,272.82
C004232,257.1
C004233,185.46
C004234,911.89
C004235,2676.81
C004236,518.99
C004237,384.05
C004238,358.64
C004239,155.2
C004240,1021.88
C004241,1594.47
C004242,2453.95
C004243,38.19
C004244,4145.17
C004245,460.11
C004246,1026.05
C004247,2278.53
C004248,243.21
C004249,1988.64
C004250,141.24
C004251,320.7
C004252,478.61
C004253,481.82
C004254,4142.27
C004255,442.1
C004256,5132.02
C004257,723.32
C004258,77.28
C004259,296.54
C004260,1678.77
C004261,323.39
C004262,274.51
C004263,423.77
C004264,18.2
C004265,689.55
C004266,561.67
C004267,229.44
C004268,410.1
C004269,551.23
C004270,348.54
C004271,212.07
C004272,56.88
C004273,263.37
C004274,723.28
C004275,462.08
C004276,674.83
C004277,1649.82
C004278,891.95
C004279,211.36
C004280,723.83
C004281,546.1
C004282,49.39
C004283,400.96
C004284,396.02
C004285,174.96
C004286,4735.92
C004287,584.93
C004288,249.32
C004289,133.51
C004290,336.55
C004291,343.95
C004292,157.77
C004293,80.4
C004294,391.51
C004295,1894.29
C004296,930.66
C004297,242.13
C004298,589.92
C004299,75.88
C004300,521.26
C004301,220.83
C004302,315.19
C004303,103.01
C004304,830.05
C004305,1262.02
C004306,437.35
C004307,588.76
C004308,118.41
C004309,135.47
C004310,376.95
C004311,1365.12
C004312,424.69
C004313,568.06
C004314,212.4
C004315,494.96
C004316,435.29
C004317,1820.02
C004318,355.31
C004319,249.31
C004320,522.91
C004321,688.84
C004322,191.93
C004323,89.74
C004324,295.88
C004325,727.76
C004326,134.09
C004327,119.32
C004328,247.23
C004329,101.05
C004330,1264.93
C004331,2790.95
C004332,175.81
C004333,203.0
C004334,193.18
C004335,205.16
C004336,2049.7
C004337,373.3
C004338,1831.26
C004339,2784.05
C004340,253.77
C004341,231.67
C004342,713.69
C004343,25.35
C004344,199.12
C004345,599.82
C004346,500.37
C004347,193.99
C004348,1253.47
C004349,473.12
C004350,592.27
C004351,148.86
C004352,354.78
C004353,72.56
C004354,1112.25
C004355,83.15
C004356,138.93
C004357,51.76
C004358,1601.58
C004359,146.72
C004360,688.65
C004361,1491.01
C004362,298.22
C004363,189.24
C004364,76.48
C004365,700.7
C004366,1109.03
C004367,145.41
C004368,1200.81
C004369,1074.23
C004370,1027.89
C004371,1844.27
C004372,76.53
C004373,167.24
C004374,4249.23
C004375,356.98
C004376,73.08
C004377,168.27
C004378,4980.04
C004379,902.4
C004380,2462.98
C004381,269.36
C004382,3728.16
C004383,1069.0
C004384,258.2
C004385,1637.63
C004386,343.57
C004387,49.51
C004388,296.34
C004389,1000.69
C004390,306.92
C004391,1149.89
C004392,974.84
C004393,151.84
C004394,805.71
C004395,2405.92
C004396,231.24
C004397,194.05
C004398,113.23
C004399,206.78
C004400,2322.59
C004401,260.39
C004402,196.9
C004403,83.36
C004404,252.86
C004405,44.25
C004406,159.73
C004407,308.44
C004408,615.46
C004409,1661.19
C004410,551.17
C004411,147.19
C004412,121.93
C004413,509.94
C004414,491.59
C004415,625.43
C004416,595.05
C004417,1601.67
C004418,226.54
C004419,514.95
C004420,22.96
C004421,687.14
C004422,347.26
C004423,466.1
C004424,141.89
C004425,343.44
C004426,1758.69
C004427,499.79
C004428,297.67
C004429,359.29
C004430,235.15
C004431,64.34
C004432,167.32
C004433,421.07
C004434,775.55
C004435,356.69
C004436,456.04
C004437,1025.65
C004438,365.06
C004439,233.34
C004440,169.16
C004441,254.91
C004442,179.08
C004443,273.64
C004444,149.26
C004445,1072.62
C004446,209.8
C004447,132.68
C004448,251.75
C004449,857.09
C004450,4078.44
C004451,4698.18
C004452,1193.33
C004453,404.04
C004454,236.01
C004455,161.16
C004456,1500.12
C004457,102.23
C004458,152.02
C004459,415.92
C004460,370.38
C004461,682.96
C004462,876.51
C004463,640.09
C004464,4555.39
C004465,163.86
C004466,41.96
C004467,353.38
C004468,762.96
C004469,633.48
C004470,451.6
C004471,134.78
C004472,94.55
C004473,342.26
C004474,685.43
C004475,611.96
C004476,2028.86
C004477,730.75
C004478,1078.31
C004479,118.2
C004480,193.92
C004481,990.27
C004482,525.13
C004483,88.02
C004484,79.01
C004485,222.35
C004486,943.15
C004487,19.46
C004488,608.33
C004489,2260.89
C004490,65.67
C004491,22.73
C004492,385.9
C004493,1011.37
C004494,81.94
C004495,170.99
C004496,178.12
C004497,462.06
C004498,1093.83
C004499,104.62
C004500,1880.91
C004501,388.83
C004502,1730.86
C004503,276.6
C004504,1104.86
C004505,363.74
C004506,1739.89
C004507,1046.46
C004508,232.54
C004509,416.43
C004510,139.73
C004511,820.8
C004512,305.42
C004513,677.94
C004514,383.08
C004515,821.05
C004516,430.25
C004517,546.98
C004518,612.65
C004519,314.33
C004520,41.6
C004521,899.08
C004522,1041.69
C004523,43.08
C004524,320.74
C004525,24.0
C004526,1448.68
C004527,776.14
C004528,395.03
C004529,4053.44
C004530,214.44
C004531,82.29
C004532,424.0
C004533,114.67
C004534,731.6
C004535,112.37
C004536,442.75
C004537,138.78
C004538,515.93
C004539,180.11
C004540,1670.54
C004541,208.99
C004542,319.84
C004543,232.13
C004544,248.52
C004545,1659.67
C004546,388.02
C004547,518.93
C004548,246.5
C004549,281.34
C004550,372.61
C004551,422.15
C004552,306.59
C004553,853.86
C004554,141.52
C004555,396.96
C004556,1065.21
C004557,176.89
C004558,463.76
C004559,1047.22
C004560,4178.93
C004561,1110.93
C004562,1307.45
C004563,3648.23
C004564,87.83
C004565,236.64
C004566,37.11
C004567,555.95
C004568,324.73
C004569,277.85
C004570,794.91
C004571,1659.63
C004572,496.4
C004573,170.66
C004574,362.45
C004575,196.82
C004576,257.46
C004577,349.09
C004578,380.31
C004579,1019.02
C004580,616.68
C004581,3234.76
C004582,93.89
C004583,939.25
C004584,118.07
C004585,381.69
C004586,578.87
C004587,2407.59
C004588,1840.49
C004589,421.8
C004590,1088.83
C004591,1069.01
C004592,3805.51
C004593,82.72
C004594,412.89
C004595,744.91
C004596,240.52
C004597,339.7
C004598,1818.34
C004599,2131.33
C004600,1042.92
C004601,190.99
C004602,573.97
C004603,250.22
C004604,505.27
C004605,958.18
C004606,78.74
C004607,905.73
C004608,531.59
C004609,2108.73
C004610,208.0
C004611,146.43
C004612,375.99
C004613,161.21
C004614,889.16
C004615,135.12
C004616,981.34
C004617,3759.36
C004618,303.41
C004619,39.09
C004620,2678.11
C004621,584.52
C004622,544.01
C004623,195.8
C004624,290.26
C004625,107.65
C004626,116.33
C004627,1373.08
C004628,592.87
C004629,305.64
C004630,1632.46
C004631,143.56
C004632,216.0
C004633,454.32
C004634,502.63
C004635,1438.29
C004636,1029.06
C004637,372.21
C004638,46.83
C004639,75.04
C004640,297.17
C004641,48.18
C004642,346.15
C004643,186.72
C004644,2324.99
C004645,276.72
C004646,89.59
C004647,79.79
C004648,54.76
C004649,164.87
C004650,1330.32
C004651,1469.55
C004652,352.55
C004653,335.68
C004654,129.07
C004655,1227.26
C004656,4748.05
C004657,1966.15
C004658,118.02
C004659,470.49
C004660,1035.33
C004661,807.78
C004662,766.95
C004663,1365.88
C004664,411.32
C004665,4532.05
C004666,742.71
C004667,402.94
C004668,527.03
C004669,493.09
C004670,2319.53
C004671,648.6
C004672,328.41
C004673,503.2
C004674,154.86
C004675,902.86
C004676,1519.23
C004677,281.92
C004678,850.57
C004679,3413.57
C004680,567.11
C004681,2339.87
C004682,514.34
C004683,153.78
C004684,3508.34
C004685,1729.68
C004686,389.42
C004687,57.27
C004688,36.52
C004689,1602.56
C004690,589.67
C004691,1208.04
C004692,296.35
C004693,529.01
C004694,535.03
C004695,54.69
C004696,75.68
C004697,281.5
C004698,3842.56
C004699,623.18
C004700,324.67
C004701,302.35
C004702,216.48
C004703,733.45
C004704,324.86
C004705,283.58
C004706,1009.66
C004707,383.32
C004708,468.05
C004709,690.34
C004710,89.54
C004711,1465.08
C004712,624.39
C004713,570.71
C004714,1576.32
C004715,134.37
C004716,768.13
C004717,617.43
C004718,389.34
C004719,4288.78
C004720,5968.59
C004721,229.07
C004722,775.96
C004723,904.11
C004724,418.67
C004725,160.27
C004726,222.99
C004727,140.82
C004728,185.46
C004729,800.65
C004730,122.98
C004731,905.27
C004732,72.5
C004733,283.52
C004734,247.4
C004735,102.42
C004736,613.89
C004737,72.92
C004738,3437.36
C004739,174.66
C004740,454.48
C004741,2269.72
C004742,3725.93
C004743,332.28
C004744,256.01
C004745,626.21
C004746,228.51
C004747,461.79
C004748,512.88
C004749,1114.31
C004750,95.3
C004751,412.79
C004752,100.29
C004753,73.44
C004754,1715.06
C004755,1564.87
C004756,452.97
C004757,330.63
C004758,1685.41
C004759,1101.14
C004760,433.98
C004761,394.71
C004762,2626.22
C004763,78.52
C004764,78.59
C004765,2503.07
C004766,1081.59
C004767,395.55
C004768,329.69
C004769,118.69
C004770,325.67
C004771,1212.6
C004772,276.98
C004773,317.55
C004774,266.73
C004775,364.56
C004776,269.95
C004777,368.93
C004778,1177.0
C004779,285.45
C004780,448.44
C004781,3284.06
C004782,2457.47
C004783,593.25
C004784,258.93
C004785,254.99
C004786,545.05
C004787,1143.4
C004788,257.12
C004789,387.68
C004790,2961.07
C004791,1121.5
C004792,768.86
C004793,495.24
C004794,486.68
C004795,1801.42
C004796,275.72
C004797,1924.26
C004798,1862.24
C004799,1417.99
C004800,324.04
C004801,1833.52
C004802,439.05
C004803,346.08
C004804,287.03
C004805,85.31
C004806,360.47
C004807,70.84
C004808,1063.11
C004809,569.04
C004810,53.24
C004811,170.99
C004812,1489.41
C004813,399.31
C004814,424.4
C004815,160.56
C004816,578.27
C004817,156.25
C004818,850.19
C004819,110.6
C004820,320.95
C004821,346.87
C004822,600.16
C004823,242.47
C004824,865.92
C004825,427.76
C004826,737.11
C004827,4200.83
C004828,225.92
C004829,985.16
C004830,276.2
C004831,557.57
C004832,1687.9
C004833,432.85
C004834,437.51
C004835,202.26
C004836,148.2
C004837,152.88
C004838,333.56
C004839,1759.24
C004840,1007.78
C004841,470.45
C004842,161.04
C004843,706.07
C004844,440.57
C004845,549.14
C004846,82.87
C004847,2009.28
C004848,685.75
C004849,947.91
C004850,1827.89
C004851,127.5
C004852,770.66
C004853,4131.59
C004854,186.9
C004855,212.66
C004856,1052.94
C004857,100.46
C004858,225.33
C004859,86.16
C004860,71.07
C004861,3059.86
C004862,417.96
C004863,1547.36
C004864,143.67
C004865,157.24
C004866,151.02
C004867,445.06
C004868,169.91
C004869,80.15
C004870,1149.97
C004871,700.13
C004872,349.78
C004873,657.54
C004874,92.38
C004875,985.23
C004876,809.14
C004877,526.06
C004878,43.62
C004879,244.36
C004880,326.78
C004881,345.13
C004882,583.56
C004883,200.04
C004884,1012.66
C004885,549.32
C004886,117.6
C004887,15.42
C004888,5690.61
C004889,4982.99
C004890,461.02
C004891,75.46
C004892,464.33
C004893,1105.6
C004894,1078.49
C004895,268.42
C004896,163.28
C004897,1529.86
C004898,348.07
C004899,566.5
C004900,74.22
C004901,125.35
C004902,2056.8
C004903,908.6
C004904,986.34
C004905,117.46
C004906,509.82
C004907,1117.26
C004908,289.21
C004909,1167.14
C004910,78.84
C004911,1534.85
C004912,418.75
C004913,450.77
C004914,398.27
C004915,277.5
C004916,411.41
C004917,124.46
C004918,189.91
C004919,277.61
C004920,638.41
C004921,142.7
C004922,357.95
C004923,1283.97
C004924,135.23
C004925,148.69
C004926,985.85
C004927,957.07
C004928,120.91
C004929,300.45
C004930,135.39
C004931,418.0
C004932,325.43
C004933,569.61
C004934,244.99
C004935,308.49
C004936,1266.19
C004937,3920.59
C004938,5247.98
C004939,292.1
C004940,60.42
C004941,868.83
C004942,357.3
C004943,578.39
C004944,180.76
C004945,336.92
C004946,454.2
C004947,411.68
C004948,361.44
C004949,52.44
C004950,540.56
C004951,196.17
C004952,65.84
C004953,4783.59
C004954,207.44
C004955,1590.02
C004956,164.85
C004957,387.77
C004958,1847.55
C004959,292.74
C004960,2743.71
C004961,191.7
C004962,158.6
C004963,110.83
C004964,395.42
C004965,659.59
C004966,705.14
C004967,336.48
C004968,236.16
C004969,944.96
C004970,22.85
C004971,2098.91
C004972,1105.46
C004973,1272.73
C004974,112.28
C004975,38.92
C004976,354.58
C004977,966.47
C004978,157.49
C004979,1884.1
C004980,697.39
C004981,147.39
C004982,412.38
C004983,328.54
C004984,3193.48
C004985,317.69
C004986,517.49
C004987,496.48
C004988,155.72
C004989,284.86
C004990,895.33
C004991,236.66
C004992,1548.58
C004993,353.66
C004994,1230.63
C004995,384.54
C004996,274.01
C004997,513.69
C004998,277.27
C004999,31.16
C005000,330.19
